Москва;Кадашевская наб., д. 26
Москва;Кадашевская наб., д. 30
Москва;Кадашевская наб., д. 32
Москва;Оружейный переулок, 41
Владивосток;Океанский пр-т, д. 17
Хабаровск;ул. Ленинградская, д. 9а
Ростов-на-Дону;ул. Троллейбусная, д. 24/2
Краснодар;ул. Лузана, д. 40
Краснодар;ул. Лузана, д. 46
Самара;Московское шоссе, д. 15
Самара;Московское шоссе, д.4, стр. 14 и 15
Санкт-Петербург;ул. 7 линия В.О., д. 44
Санкт-Петербург;ул. 16 линия В.О., д.31
Санкт-Петербург;ул. Караванная, д. 10
Новосибирск;ул. Планетная, д. 30
Москва;ул. Вятская, д. 27
Екатеринбург;ул. Малышева, д. 122
Нижний Новгород;ул. Нартова, д. 6, корп. 6
Иркутск г.;Депутатская ул., д. 7
Иркутск г.;Розы Люксембург ул., д. 31
Иркутск г.;Урицкого ул., д. 14
Ангарск г.;188-й кв-л., д. 4
Ангарск г.;76-й кв-л., д. 12 пом. 70
Ангарск г.;13-й мкр., д. 33 пом. 2
Артем г.;Кирова ул., д. 20А
Артем г.;Кооперативная ул., д. 26
Хабаровск г.;Краснореченская ул., д. 92
Хабаровск г.;Воровского ул., д. 21
Хабаровск г.;Карла Маркса ул., д. 105
Хабаровск г.;Карла Маркса ул., д. 91В
Хабаровск г.;Ленинградская ул., д. 28И
Хабаровск г.;Ленинградская ул., д. 83
Хабаровск г.;Льва Толстого ул., д. 19
Хабаровск г.;Муравьева-Амурского ул., д. 29
Хабаровск г.;Карла Маркса ул., д. 76
Хабаровск г.;Суворова ул., д. 19
Благовещенск г.;50 лет Октября ул., д. 28
Владивосток г.;100-летия Владивостока пр-кт., д. 42А
Владивосток г.;Верхнепортовая ул., д. 2Е
Владивосток г.;Лермонтова ул., д. 62
Владивосток г.;Океанский пр-кт., д. 111А
Владивосток г.;Русская ул., д. 46
Владивосток г.;Светланская ул., д. 143
Владивосток г.;Светланская ул., д. 23
Владивосток г.;Трамвайная ул., д. 14Б
Хабаровск г.;в районе ул. Тихоокеанской, д. 201Б
Хабаровск г.;Ульяновская ул., д. 160
Хабаровск г.;Шелеста ул., д. 116А
Хабаровск г.;Суворова ул., д. 51
Шелехов г.;6-й кв-л., д. 30А
Якутск г.;Дзержинского ул., д. 4 корп. 1
Якутск г.;Дзержинского ул., квартал 52
Якутск г.;Ленина пр-кт., д. 12
Якутск г.;Ленина пр-кт., д. 13
Якутск г.;Лермонтова ул., д. 25
Якутск г.;Лермонтова ул., д. 62К
Якутск г.;Орджоникидзе ул., д. 56
Якутск г.;Пояркова/Октябрьская ул., у д. 45
Нововоронеж г.;Победы ул., д. 1А
Новошахтинск г.;Базарная ул., д. 26
Пятигорск г.;Кузнечная ул., д. 8
Пятигорск г.;Мира ул., д. 16/7
Ростов-на-Дону г.;Базарная пл., д. 2А
Ростов-на-Дону г.;Большая Садовая ул., д. 52-56/23/39-43
Шахты г.;Красный Шахтер пер., д. 80А
Шахты г.;Победа Революции пр-кт., Комплекс цветочных павильонов
Шахты г.;Советская ул., д. 134А/134Б
Шахты г.;Шевченко ул., д. 96
Воронеж г.;20-летия Октября ул., д. 119
Воронеж г.;Ворошилова ул., у д.24
Воронеж г.;Героев Сибиряков ул., у д. 65 з
Воронеж г.;Кирова ул., д. 26
Воронеж г.;Кольцовская ул., д. 52
Воронеж г.;Ленинский пр-кт., д. 133Д
Воронеж г.;Ленинский пр-кт., д. 174П
Воронеж г.;Генерала Лизюкова ул., д. 60
Воронеж г.;Московский пр-кт., д. 129/1
Воронеж г.;Московский пр-кт., д. 19Г
Воронеж г.;Московский пр-кт., д. 82
Воронеж г.;Южно-Моравская ул., д. 30Д
Минеральные Воды г.;50 лет Октября/Бибика ул., 
Новочеркасск г.;Платовский пр-кт., д. 80
Таганрог г.;Гоголевский пер., д. 2/2
Таганрог г.;Гоголевский пер., д. 4А
Тимашевск г.;Красная ул., угол ул. Братской
Северская ст-ца.;Комарова ул., д. 11
Славянск-на-Кубани г.;Красная ул., д. 2/8
Солнечный п.;Парковая ул., д. 3
Таганрог г.;Тургеневский пер., д. 43
Азов г.;Московская ул., д. 25
Батайск г.;Энгельса/Кирова ул., д. 213/16
Брюховецкая ст-ца.;Кирова ул., д. 170Д/4
Краснодар г.;Красная ул., д. 190
Краснодар г.;Сормовская ул., д. 110/5
Краснодар г.;Ставропольская/Вишняковой ул., д. 51/118
Краснодар г.;Ставропольская ул., д. 141/3
Краснодар г.;Ставропольская ул., д. 189
Краснодар г.;Стасова/Сормовская ул., д. 178-180/1
Краснодар г.;Чекистов пр-кт., д. 17
Краснодар г.;Шоссе Нефтяников ул., д. 13/1
Ростов-на-Дону г.;Буденновский/Красноармейская ул., д. 57/122
Ростов-на-Дону г.;Буденновский пр-кт., д. 88А/226А
Ростов-на-Дону г.;Вокзал-Сельмаш пл., 
Ростов-на-Дону г.;Вятская ул., д. 98А
Ростов-на-Дону г.;Добровольского ул., д. 15Б
Ростов-на-Дону г.;Зорге ул., д. 18
Ростов-на-Дону г.;Королева пр-кт., 22а/30а
Ростов-на-Дону г.;Космонавтов пр-кт., д. 2/2
Ростов-на-Дону г.;Космонавтов пр-кт., д. 11
Ростов-на-Дону г.;Ленина пр-кт., д. 48А/1А
Ростов-на-Дону г.;Немировича-Данченко ул., д. 78/3
Ростов-на-Дону г.;Стачки пр-кт., д. 22
Ростов-на-Дону г.;Таганрогская ул., д. 151
Ростов-на-Дону г.;Шолохова пр-кт., д. 126
Ессентуки г.;Кисловодская ул., д. 13В
Кисловодск г.;Победы пр-кт., д. 132
Кисловодск г.;Шаляпина ул., д. 17
Краснодар г.;им Атарбекова ул., д. 38
Краснодар г.;им Атарбекова ул., д. 1
Краснодар г.;им Игнатова ул., д. 22А
Краснодар г.;Калинина ул., д. 337
Краснодар г.;Карасунская ул., д. 86 торговые пав. литер Г118, г118
Абинск г.;Мира ул., д. 2/8
Ульяновск г.;40-летия Октября ул., д. 25А
Ульяновск г.;Гая ул., д. 25А
Ульяновск г.;Камышинская ул., д. 6Д
Ульяновск г.;Московское ш., д. 108
Ульяновск г.;Московское ш., д. 91
Ульяновск г.;Нариманова пр-кт., южнее жилого д. 114
Уфа г.;Ухтомского ул., д. 16
Ульяновск г.;Промышленная ул., д. 54
Ульяновск г.;Рябикова ул., д. 70
Ульяновск г.;Льва Толстого ул., д. 38/16
Ульяновск г.;Генерала Тюленева пр-кт., д. 5 стр. 1
Ульяновск г.;Ульяновский пр-кт., д. 1
Ульяновск г.;Ульяновский пр-кт., д. 14
Ульяновск г.;Ульяновский пр-кт., д. 6
Самара г.;Ново-Садовая ул., д. 305А
Волжский г.;Александрова ул., д. 18А
Волгоград г.;64-й Армии ул., д. 26 Г
Волгоград г.;8-й Воздушной Армии ул., д. 48
Волгоград г.;им Героев Сталинграда пр-кт., д. 35А
Волгоград г.;им Героев Сталинграда пр-кт., д. 3А
Волгоград г.;им Героев Сталинграда пр-кт., д. 48
Волгоград г.;им маршала Еременко ул., д. 130
Волгоград г.;им маршала Еременко ул., д. 74
Волгоград г.;Казахская ул., д. 28Б
Волгоград г.;Качинцев ул., д. 124Г
Волгоград г.;КИМ ул., д. 7/А
Астрахань г.;Минусинская ул., д. 8 старый корпус, ТЦ Три кота
Астрахань г.;Боевая ул., д. 25, литер А
Астрахань г.;Анри Барбюса ул., д. 28
Астрахань г.;ул. Ахматовская ул., д. 14
Зеленодольск г.;Татарстан ул., д. 9
Новокуйбышевск г.;Победы пр-кт., д. 1Ж ТРК Сити Парк
Самара г.;Галактионовская ул., д. 37 стр.1
Самара г.;Георгия Димитрова ул., около дома №7
Самара г.;Дыбенко ул., д. 30 литер Б
Самара г.;Ново-Садовая ул., д. 106
Самара г.;Кирова пл., торговое место 18
Самара г.;
Самара г.;Московское (п Мехзавод) ш. квартал 2, в районе дома №43
Астрахань г.;Боевая ул., д. 49Б
Астрахань г.;Боевая ул., д. 53А
Астрахань г.;Вокзальная пл., д. 13 корп. 3А
Астрахань г.;Кубанская ул., д. 66А
Астрахань г.;Вокзальная пл., д. 11
Ульяновск г.;Хрустальная ул., д. 34А
Уфа г.;Ахметова ул., д. 326/1
Уфа г.;Баязита Бикбая ул., д. 33
Уфа г.;Академика Королева ул., рядом с домом №.27
Уфа г.;Октября пр-кт., д. 123
Уфа г.;Октября пр-кт., д. 134
Уфа г.;Октября пр-кт., д. 66
Уфа г.;Первомайская ул., д. 26
Уфа г.;Первомайская ул., д. 98
Уфа г.;Октября пр-кт., д. 34 ТЦ Семья
Чапаевск г.;Ленина ул., д. 98
Самара г.;Мичурина ул., д. 19В
Самара г.;Московское ш., д. 81Б
Самара г.;Победы ул., д. 92
Самара г.;116 км Пугачевский тракт., д. 25
Самара г.;Московское ш., д. 185А
Самара г.;Спортивная ул., д. 3/5
Самара г.;Ташкентская ул., д. 96
Самара г.;Тухачевского ул., д. 227/1
Самара г.;Управленческий п. Гипсовый карьер тер., в районе ВПЧ №52
Самара г.;Фрунзе ул., д. 92
Саратов г.;Дачная 3-я ул., б/н
Саратов г.;Астраханская/Б.Горная ул., 
Саратов г.;Астраханская ул., д. 103
Саратов г.;им Вавилова Н.И. ул., д. 2А
Саратов г.;Энтузиастов пр-кт., ст. Волга в Завод р-не,зд Ост торг компл
Саратов г.;Вольский тракт., д. 2
Энгельс г.;Ленина пл., д. 4
Энгельс г.;Строителей пр-кт., д. 2
Энгельс г.;Фридриха Энгельса пр-кт., д. 65
Оренбург г.;Терешковой ул., в районе Автовокзала
Оренбург г.;Шарлыкское ш., №1
Самара г.;Ново-Вокзальная ул., у дома № 201
Оренбург г.;Беляевская ул., д. 43
Оренбург г.;Гагарина пр-кт., д. 48/3
Оренбург г.;Дзержинского пр-кт., д. 23
Оренбург г.;Новая ул., д. 4
Оренбург г.;Победы пр-кт., д. 18Б
Оренбург г.;Привокзальная пл., д. 16
Оренбург г.;Родимцева ул., 45 метров от дома 8/1 павильон
Саратов г.;им Кирова С.М. пр-кт., д. 17
Саратов г.;им Кирова С.М. пр-кт., д. 43
Саратов г.;Московская ул., д. 59
Саратов г.;2-я Садовая/Большая Садовая ул., -
Саратов г.;Строителей пр-кт., д. 40 этаж 5
Саратов г.;Нашина/Танкистов ул., д. 72а
Саратов г.;им Тархова С.Ф. ул., д. 29А
Саратов г.;Юбилейный п., на конечной остановке
Саратов г.;Энтузиастов пр-кт., д. 54
Сызрань г.;Московская ул., д. 12
Самара г.;Московское (24 км) ш., 
Самара г.;Аэродромная ул., в районе д. 53, располож на 1 этаже
Самара г.;Куйбышева/Венцека/Фрунзе ул., д. 75-77/39-41-43/66
Самара г.;Кирова пр-кт., д. 147 1 этаж ТРК ВИВА ЛЭНД
Самара г.;Вилоновская ул., д. 138
Кинель г.;Маяковского ул., д. 84А
Новокуйбышевск г.;Миронова ул., д. 4
Казань г.;Восстания ул., д. 4
Казань г.;Академика Губкина ул., д. 1
Казань г.;Декабристов ул., д. 133Е
Казань г.;Дементьева ул., д. 33А
Казань г.;Липатова ул., д. 2
Казань г.;Хусаина Мавлютова ул., д. 45
Казань г.;Мира ул., д. 30
Казань г.;Победы пр-кт., д. 91
Казань г.;Юлиуса Фучика ул., д. 90
Казань г.;Юлиуса Фучика ул., вблизи д. 72 литера А
Казань г.;Ямашева пр-кт., д. 46/33
Волгоград г.;Краснознаменская ул., д. 11Б
Волгоград г.;Университетский пр-кт., д. 60Б
Волжский г.;Мира ул., д. 7А
Волжский г.;Профсоюзов б-р., д. 1Б
Казань г.;Адорадского/Ямашева ул., 
Вологда г.;Окружное шоссе ул., д. 12
Вологда г.;Ярославская ул., д. 2А
Гатчина г.;Соборная ул., д. 12
Гатчина г.;Соборная ул., д. 29
Калининград город г.;Калинина пр-кт., д. 1
Калининград город г.;Багратиона ул., д. 110
Калининград город г.;Профессора Баранова ул., д. 34А
Калининград город г.;Ленинский пр-кт., д. 30
Калининград город г.;Мира ул., д. 124/126
Калининград город г.;Мира ул., д. 64А
Сестрорецк г.;Дубковское ш., д. 2А
Санкт-Петербург г.;1-я Красноармейская ул., д. 2/23 литер А
Санкт-Петербург г.;Бабушкина ул., д. 73 лит. А
Санкт-Петербург г.;Большевиков пр-кт., участок 11 у д. 19
Санкт-Петербург г.;Большая Пороховская ул., д. 16/27А
Санкт-Петербург г.;Бухарестская ул., д. 74
Санкт-Петербург г.;Ветеранов пр-кт., д. 101 корп. 1 лит. А пом. 20Н
Санкт-Петербург г.;Ветеранов пр-кт., д. 141 кор. 1 лит. А пом. 4-Н
Санкт-Петербург г.;Прибрежная ул., д. 18А
Санкт-Петербург г.;Просвещения пр-кт., д. 36 корп. 3 лит. А пом. 22
Санкт-Петербург г.;Просвещения пр-кт., уч. 23 юго-западнее д. 32 корп. 1
Санкт-Петербург г.;Пулковское ш., д. 25 корп. 1 лит. А
Санкт-Петербург г.;Пятилеток пр-кт., д. 1 лит. А
Санкт-Петербург г.;Революции ш., д. 8А
Санкт-Петербург г.;Савушкина ул., д. 141
Санкт-Петербург г.;Савушкина ул., д. 7А
Санкт-Петербург г.;Садовая ул., д. 32/1 лит.А
Санкт-Петербург г.;подземный переход к вестибюлю ст.м. Садовая, 
Санкт-Петербург г.;Славы пр-кт., д. 43/49
Санкт-Петербург г.;Стачек пр-кт., д. 90
Санкт-Петербург г.;Стачек пр-кт., д. 90, корп. 2, литер А, пом. 1-Н
Санкт-Петербург г.;Стачек пл., д. 9 корп. 5 литер А
Санкт-Петербург г.;Торфяная дор., д. 7Б
Санкт-Петербург г.;Фермское ш., д. 41
Санкт-Петербург г.;Энгельса пр-кт., д. 111
Санкт-Петербург г.;Энгельса пр-кт., сев.-вост. д. 120, торговое место №6
Калининград город г.;Черняховского ул., д. 30А
Калининград город г.;Профессора Баранова ул., д. 30 - 2
Колпино г.;Веры Слуцкой ул., д. 6
Колпино г.;Октябрьская ул., 8 литера А
Колпино г.;Тверская ул., уч. 1 у дома 36/9, лит.А
Коммунар г.;Фабричная ул., д. 9
Красное Село г.;Ленина пр-кт., д. 57 Лит А пом 1Н
Кронштадт г.;Ленина пр-кт., д. 13А
Ломоносов г.;Александровская ул., д.36Б пом. 2Н, 3Н, 4Н, 5Н, 6Н лит. А.
Санкт-Петербург г.;Ветеранов пр-кт., д. 36 корп. 2А
Санкт-Петербург г.;Владимирский пр-кт., д. 17 лит. А 1 этаж пом. 2Н (2,3,4)
Санкт-Петербург г.;7-я В.О. линия., д. 44 лит. А
Санкт-Петербург г.;Выборгское ш., д. 11А
Санкт-Петербург г.;Канала Грибоедова наб., д. 18-20
Санкт-Петербург г.;Димитрова ул., у д. 18 корп. 1
Санкт-Петербург г.;Енотаевская ул., уч. 5 юго-запад. Пересеч. с пр. Энгельса
Санкт-Петербург г.;Ефимова ул., д. 2
Санкт-Петербург г.;Заневский пр-кт., д. 69А
Санкт-Петербург г.;Маршала Захарова ул., д. 21 литер А
Санкт-Петербург г.;Индустриальный пр-кт., д. 24 лит. А
Санкт-Петербург г.;Каменноостровский пр-кт., д. 42А
Санкт-Петербург г.;Коломяжский пр-кт., д. 17
Санкт-Петербург г.;Коломяжский пр-кт., д. 20 лит. А пом. 130 Н
Санкт-Петербург г.;Комендантский пр-кт., д. 12 сооружение 1 литер А
Санкт-Петербург г.;Космонавтов пр-кт., д. 14, пом. S34
Санкт-Петербург г.;Космонавтов пр-кт., д. 42 корп. 2
Санкт-Петербург г.;Косыгина пр-кт., д. 26 корп. 1 лит. А
Санкт-Петербург г.;Купчинская ул., д. 32 корп. 1
Санкт-Петербург г.;Ленинский пр-кт., д. 129 корп. 6 лит. А
Тверь г.;Горького/Благоева ул., д. 122/2
Санкт-Петербург г.;Энгельса пр-кт., уч. 284 северо-западнее д. 139/21 лит. А
Санкт-Петербург г.;Ярослава Гашека ул., д. 6 корп. 2 лит. А пом. 2Н
Тверь г.;Коминтерна ул., д. 20/1
Тверь г.;Ленина пр-кт., д. 43
Тверь г.;Можайского ул., д. 61
Тверь г.;Радищева б-р., д. 12
Тверь г.;Калинина пр-кт., д. 15 стр. 1
Тосно г.;Советская ул., д. 3А
Ярославль г.;Авиаторов пр-кт., д. 149
Ярославль г.;Белинского ул., д. 26А
Ярославль г.;ул. Волгоградская ул., вблизи д. 39
Мурино п.;Привокзальная пл., торговый павильон
Мурманск г.;Баумана ул., д.  89
Мурманск г.;Коминтерна ул., на верх. площадке Привокзальной площади
Мурманск г.;Ленина пр-кт., д. 80
Новодвинск г.;Мира ул., д. 7
Архангельск г.;Беломорской флотилии ул., д. 8 стр. 2 в здании магазина литер А
Архангельск г.;Воскресенская ул., д. 11
Архангельск г.;Воскресенская ул., д. 95
Архангельск г.;Ленинградский пр-кт., д. 255
Архангельск г.;Тимме Я. ул., д. 4 корп. 3
Архангельск г.;Троицкий пр-кт., д. 20
Вологда г.;Благовещенская ул., д. 4
Вологда г.;Герцена ул., д. 70
Вологда г.;Мира ул., д. 10
Вологда г.;Мира ул., д. 9
Вологда г.;Северная ул., д. 7
Вологда г.;Текстильщиков ул., д. 16
Петергоф г.;Санкт-Петербургский пр-кт., д. 60
Пушкин г.;Привокзальная пл., д. 2 лит.А
Санкт-Петербург г.;Ленсовета ул., д. 86А
Санкт-Петербург г.;Лиговский пр-кт., д.10/118 литА  цоколь пом2Н №37,38 ч.п№1
Санкт-Петербург г.;Лиговский пр-кт., д. 43-45 лит. А
Санкт-Петербург г.;Лиговский пр-кт., д. 84/2
Санкт-Петербург г.;Литейный пр-кт., д. 24А
Санкт-Петербург г.;Московский пр-кт., д. 168А
Санкт-Петербург г.;Московский пр-кт., уч. 291 напротив д. 103
Санкт-Петербург г.;Мурманское ш., 12 км
Санкт-Петербург г.;Науки пр-кт., д. 19/2
Санкт-Петербург г.;Науки пр-кт., д. 21 корп. 1 лит. А
Санкт-Петербург г.;Новаторов б-р., д.75 корп2 литА части пом 1-Н в ч №№ 1-7
Санкт-Петербург г.;Новочеркасский пр-кт., д. 43/17 лит. А пом. 1
Санкт-Петербург г.;Обводного канала наб., д. 120
Санкт-Петербург г.;Обводного канала наб., уч. 1 севернее д. 38А по Воронежской ул.
Санкт-Петербург г.;Обуховской Обороны пр-кт., д. 114 врем торг пав у ст м Пролетарская
Санкт-Петербург г.;Одоевского ул., д. 29А
Санкт-Петербург г.;Ленина пл., уч. 5 ( у д. 8/8)
Санкт-Петербург г.;Политехническая ул., уч. 1 сев.-вост. Д. 28 литера А
Ярославль г.;Ленинградский просп. пр-кт., д. 49А
Ярославль г.;Октября пр-кт., д. 46
Ярославль г.;ул. Первомайская ул., д. 39/10
Ярославль г.;Республиканская ул., д. 75 корп. 2
Ярославль г.;Тутаевское шоссе ш., д. 1 пом. А-13
Новосибирск г.;Первомайская ул., д. 100
Новосибирск г.;Петухова ул., д. 73
Новосибирск г.;Красный пр-кт., д. 101
Новосибирск г.;Станиславского ул., д. 17
Новосибирск г.;Фрунзе ул., д. 238
Новосибирск г.;Богдана Хмельницкого ул., д. 4
Обь г.;ЖКО Аэропорта ул., восточнее дома №8
Омск г.;10 лет Октября ул., д. 175/1
Омск г.;4-я Челюскинцев ул., д. 119
Омск г.;70 лет Октября ул., д. 12
Омск г.;Бетховена ул., д. 33/1
Омск г.;Гуртьева ул., д. 25
Омск г.;Заозерная ул., д. 9Б
Омск г.;Кирова ул., д. 9
Омск г.;Карла Маркса пр-кт., д. 29А
Омск г.;Красный Путь ул., д. 67
Омск г.;Лобкова ул., д. 3
Омск г.;Мира пр-кт., д. 20 корп. 1
Омск г.;Мира пр-кт., д. 60 корп. 1
Омск г.;Рождественского ул., д. 6
Омск г.;Сибирский пр-кт., д. 7
Омск г.;Богдана Хмельницкого ул., д. 212
Кемерово г.;Кузнецкий пр-кт., д. 33Б
Кемерово г.;Ленина пр-кт., д. 1
Кемерово г.;Ленина пр-кт., д. 114
Кемерово г.;Ленина пр-кт., д. 35
Кемерово г.;Леонова ул., д. 9
Кемерово г.;Октябрьский пр-кт., д. 34
Кемерово г.;пересечение  Химиков и  Ленинградский пр-кта, 0
Кемерово г.;Шахтеров пр-кт., д. 49
Красноярск г.;60 лет образования СССР пр-кт., д. 7В/5
Красноярск г.;60 лет Октября ул., д. 45
Красноярск г.;9 мая ул., д. 77
Красноярск г.;Амурская ул., д. 30А
Красноярск г.;Аэровокзальная ул., д. 17
Красноярск г.;им Говорова ул., д. 57
Красноярск г.;Карла Маркса ул., д. 129
Красноярск г.;Карла Маркса ул., д. 48
Красноярск г.;им газеты Красноярский Рабочий пр-кт., д. 27 стр. 78
Красноярск г.;им газеты Красноярский Рабочий пр-кт., д. 20
Красноярск г.;им газеты Красноярский Рабочий пр-кт., д. 95
Красноярск г.;Металлургов пр-кт., д. 53
Павловск с.;Пожогина пер., д. 11
Сосновоборск г.;Ленинского Комсомола ул., д. 4
Томск г.;Иркутский тракт., д. 61А
Томск г.;Иркутский тракт., д. 116Г
Томск г.;Комсомольский пр-кт., д. 53
Томск г.;Сергея Лазо ул., д. 7А
Томск г.;Ленина пр-кт., д. 163А
Томск г.;Мира пр-кт., д. 36
Томск г.;Нахимова ул., д. 15А
Томск г.;Пушкина ул., д. 65/2
Томск г.;Учебная ул., д. 48Д
Топки г.;Горная ул., д. 2А
Красноярск г.;Академика Павлова ул., д. 46
Красноярск г.;Тельмана ул., д. 30Г
Новоалтайск г.;Гагарина ул., д. 2
Новоалтайск г.;Октябрьская ул., д. 15
Барнаул г.;Власихинская ул., д. 67
Барнаул г.;Павловский тракт., д. 251В
Новосибирск г.;Бориса Богаткова ул., д. 248/1
Новосибирск г.;Ватутина ул., д. 107
Новосибирск г.;Ватутина ул., д. 29
Новосибирск г.;им. Карла Маркса пл., д. 3
Новосибирск г.;Вокзальная магистраль ул., д. 2
Новосибирск г.;Выборная ул., д. 125/1
Новосибирск г.;Энергетиков проезд., д. 8
Новосибирск г.;Громова ул., д. 7
Новосибирск г.;Дзержинского пр-кт., д. 18
Новосибирск г.;Дзержинского пр-кт., д.61
Новосибирск г.;Ильича ул., д. 6А
Новосибирск г.;Кирова ул., д. 113В
Новосибирск г.;им. Карла Маркса пл., д. 3
Новосибирск г.;Карла Маркса пр-кт., д. 37/2
Новосибирск г.;Красный пр-кт., д. 188
Новосибирск г.;Красный пр-кт., д. 2/1
Новосибирск г.;Красный пр-кт., д. 25
Новосибирск г.;Курчатова ул., д. 1
Барнаул г.;Строителей пр-кт., д. 18
Барнаул г.;Чкалова ул., д. 62А
Березовский г.;Ленина ул., д. 9
Кемерово г.;Молодежный пр-кт., д. 2
Москва г.;Щукинская ул., д. 42
Москва г.;Энтузиастов ш., д. 12 корп. 2
Москва г.;Брянская ул., д. 2
Москва г.;Бутырская ул., д. 2/18
Москва г.;Большая Черёмушкинская ул., д. 1
Москва г.;Вавилова ул., д. 3
Москва г.;Веневская ул., д. 6
Москва г.;Профсоюзная ул., д. 129А
Москва г.;Профсоюзная ул., д. 61А
Москва г.;Русаковская ул., д. 31
Москва г.;Рязанский пр-кт., д. 46 корп. 4
Москва г.;Снежная ул., д. 27
Москва г.;Сущёвский Вал ул., д. 5 стр. 13
Москва г.;Тверская ул., д. 17
Москва г.;Люблинская ул., д. 112А стр. 2
Москва г.;Люблинская ул., вл. 4 стр. 1
Москва г.;Маршала Катукова ул., вл. 11 корп. 1 стр. 2
Москва г.;Мира пр-кт., вл. 211 корп. 2
Москва г.;Народного Ополчения ул., д. 46 корп. 1
Москва г.;Новогиреевская ул., д. 11/36 стр. 1
Москва г.;Сусальный Верхн. пер., д. 4/6 стр. 3
Москва г.;Ганецкого пл., д. 1Б
Москва г.;Джавахарлала Неру пл., д. 1
Москва г.;Удальцова ул., д. 42
Москва г.;Хлобыстова ул., д. 26
Москва г.;Цветной б-р., д. 17
Москва г.;Шарикоподшипниковская ул., д. 13 стр. 3
Москва г.;Плещеева ул., д. 4 корп. 1 стр. 1
Путилково д.;МКАД 71 км., стр. 16а
Москва г.;9-я Парковая ул., вл. 61а
Москва г.;Алтуфьевское ш., д. 88
Москва г.;Барклая ул., д. 8
Москва г.;Бауманская ул., вл. 33
Москва г.;Маршала Бирюзова ул., д. 17
Москва г.;Новослободская ул., д. 23
Москва г.;Ореховый б-р., д. 14 корп. 3
Москва г.;Осенний б-р., д. 7 корп. 1
Москва г.;Открытое ш., д. 9
Москва г.;Перерва ул., д. 43 корп. 1
Москва г.;Красная пл., д. 3
Москва г.;Новозаводская ул., ж/д ст Фили в полосе отвода желез дороги
Москва г.;Кировоградская ул., вл. 15А
Москва г.;Краснодарская ул., д. 65/18 корп. 1
Москва г.;Кустанайская ул., д. 6
Москва г.;Ленинградский пр-кт., д. 62А
Москва г.;Лианозовский проезд., вл. 1Д
Челябинск г.;Комсомольский пр-кт., д. 65
Тюмень г.;Розы Трениной ул., д. 3
Тюмень г.;Широтная ул., д. 80
Федоровский пгт.;Пионерная ул., д. 34/3
Челябинск г.;Гагарина ул., д. 16
Челябинск г.;Комсомольский пр-кт., д. 22 ост. Чайковского
Челябинск г.;Ленина пр-кт., д. 54
Челябинск г.;Молодогвардейцев ул., д. 7
Челябинск г.;Сталеваров ул., д. 66
Челябинск г.;Молдавская ул., д. 16
Челябинск г.;Черкасская ул., д. 2
Сургут г.;50 лет ВЛКСМ ул., д. 9Б
Пермь г.;Парковый пр-кт., д. 36АА
Пермь г.;Писарева ул., д. 25
Сургут г.;30 лет Победы ул., д. 66
Сургут г.;30 лет Победы ул., д. 7
Сургут г.;Комсомольский пр-кт., д. 19
Нефтеюганск г.;12-й мкр., д. 62
Нефтеюганск г.;2-й мкр., д. 33
Пыть-Ях г.;2-й мкр., д. 24
Екатеринбург г.;Луначарского ул., д. 74
Екатеринбург г.;Малышева ул., д. 122
Екатеринбург г.;8 Марта ул., д. 149
Екатеринбург г.;Металлургов ул., д. 87
Екатеринбург г.;Санаторная ул., д. 6
Екатеринбург г.;Сулимова ул., д. 50
Екатеринбург г.;Академика Шварца ул., д. 17А
Ижевск г.;Воровского ул., д. 143
Ижевск г.;Ворошилова ул., д. 53
Ижевск г.;Клубная ул., д. 36
Ижевск г.;Ленина ул., д. 5
Ижевск г.;им Петрова ул., д. 29
Пермь г.;Комсомольский пр-кт., д. 59А
Сургут г.;Ленина пр-кт., д. 46
Сургут г.;Нефтеюганское ш., д. 1
Сургут г.;Привокзальная ул., д. 10 ост компл Железнодорожный вокзал
Сургут г.;Григория Кукуевицкого ул., д. 15
Сургут г.;Геологическая ул., д. 10
Сургут г.;Югорский тракт., д. 38
Тюмень г.;50 лет ВЛКСМ ул., д. 63
Тюмень г.;Мельникайте ул., д. 58В
Тюмень г.;Моторостроителей ул., д. 4А/7
Копейск г.;Славы пр-кт., д. 8
Пермь г.;Героев Хасана ул., д. 105
Пермь г.;Космонавтов ш., д. 11
Пермь г.;Космонавтов ш., д. 115А
Пермь г.;Крупской ул., д. 25
Пермь г.;Ленина ул., д. 58
Березовский г.;Анучина ул., д. 3
Верхняя Пышма г.;Ленина ул., д. 111
Екатеринбург г.;Академика Бардина ул., д. 15
Екатеринбург г.;8 Марта ул., д. 46
Екатеринбург г.;Бахчиванджи ул., д. 14
Екатеринбург г.;Вайнера ул., д. 16
Екатеринбург г.;Викулова ул., д. 39/1
Екатеринбург г.;Восстания ул., д. 50
Екатеринбург г.;Грибоедова ул., д. 21
Брянск г.;Ульянова ул., д. 3
Брянск г.;Ульянова ул., д. 49
Владимир г.;Большая Московская ул., д. 19А
Владимир г.;Горького ул., д. 56
Владимир г.;Горького ул., д. 84
Владимир г.;Дворянская ул., д. 20А
Владимир г.;Егорова ул., д. 8
Владимир г.;Ленина пр-кт., д. 30
Владимир г.;Московское ш., д. 2
Курск г.;Вишневая 1-я ул., д. 17
Курск г.;Кулакова пр-кт., д. 9
Курск г.;Ленина ул., д. 30
Курск г.;
Курск г.;Щепкина ул., д. 4Б
Курск г.;Энгельса ул., д. 70
Нижний Новгород г.;Октября пр-кт., д. 2А
Нижний Новгород г.;Бетанкура ул., д. 1
Орёл г.;Карла Маркса пл., д. 5/7
Орёл г.;Комсомольская ул., д. 234
Орёл г.;Комсомольская ул., д. 78
Орёл г.;Кромское ш., д. 4
Орёл г.;Мира пл., д. 5
Орёл г.;Наугорское ш., д. 76
Орёл г.;Октябрьская ул., д. 27 корп. 5
Орёл г.;Октябрьская ул., д. 60
Орёл г.;Пушкина ул., д. 44
Рыбное г.;Почтовая ул., д. 1
Рязань г.;Московское ш., д. 65А
Рязань г.;Новоселов ул., д. 30А
Рязань г.;Московское ш., д. 5А
Рязань г.;Есенина ул., д. 13
Рязань г.;Интернациональная ул., д. 23 корп. 1
Рязань г.;Кольцова ул., д. 1
Рязань г.;
Рязань г.;Народный б-р., остановочный комплекс
Рязань г.;Новоселов ул., д. 17
Щекино г.;Советская ул., д. 21А
Бор г.;Ленина ул., д. 113Б
Бор г.;Чугунова ул., д. 2
Брянск г.;2-я Мичурина ул., вблизи ТЦ МБ
Брянск г.;3 Интернационала ул., на остановке Универмаг Бежицкий
Брянск г.;Авиационная ул., д. 5А
Брянск г.;Димитрова ул., д. 78
Брянск г.;Ленина пр-кт., д. 6
Брянск г.;Московский пр-кт., д. 23
Калуга г.;Глаголева ул., д. 3
Калуга г.;Кирова ул., д. 25А
Калуга г.;Кирова ул., д. 1
Калуга г.;Кирова ул., д. 13
Нижний Новгород г.;Кораблестроителей пр-кт., д. 5А
Нижний Новгород г.;Краснодонцев ул., д. 9
Нижний Новгород г.;Ленина пр-кт., д. 33
Нижний Новгород г.;Павла Мочалова ул., д. 2
Нижний Новгород г.;Дьяконова ул., д. 11А
Нижний Новгород г.;Южное ш., д. 35
Нижний Новгород г.;ст. метро Пролетарская сход №4, д. 4
Нижний Новгород г.;Революции пл., д. 4
Нижний Новгород г.;Революции пл., д. 9
Нижний Новгород г.;Родионова ул., д. 187В
Нижний Новгород г.;Фильченкова ул., д. 10
Нижний Новгород г.;Белинского ул., д. 124
Рязань г.;Свободы ул., д. 11
Рязань г.;Соборная ул., д. 15А
Рязань г.;Солотчинское ш., д. 11
Тула г.;М.Горького ул., д. 50
Тула г.;Красноармейский пр-кт., д. 21
Тула г.;Кутузова ул., д. 13
Тула г.;Ленина/Первомайская ул., д. 65/4
Тула г.;Ленина/9-го мая ул., д. 96/2
Тула г.;Пролетарская ул., д. 22А
г.Москва;Оружейный пер., д.41
Иркутск;Байкальская, 108
Хабаровск;Жданова, 16А
Владивосток;Калинина, 42
Хабаровск;Ленинградская, 9А
Владивосток;Океанский проспект, 17
Якутск;Орджоникидзе, 56
Краснодар;Красная, 157
Краснодар;Красных партизан, 106
Кисловодск;Промышленная, 136
Воронеж;Революции пр-кт., д. 29Ж каб
Воронеж;Революции, 29 Ж
Ростов;Суворова, 91/93
Астрахань;Ахматовская, 14
Оренбург;Кичигина, 19
Ульяновск;Льва Толстого, 38
Уфа;Максима Рыльского ул., д. 23
Самара;Мичурина, 21
Казань;Парковая, 24
Волгоград;Социалистическая, 17
Саратов;Тараса Шевченко, 38/46
Набережные Челны;Туфана, 35 литер Г
Санкт-Петербург;7-й Предпортовый проезд, 10
Мурманск;Героев Рыбачьего, 1
Вологда;Герцена, 56
Архангельск;Нагорная, 5А
Ярославль;Некрасова, 41
Тверь;Победы, 4
Санкт-Петербург;Торфяная дор., д. 7Ф каб.
Санкт-Петербург;Торфяная дорога, 7
Москва;Варшавское ш., д. 26 каб.
Москва;Варшавское шоссе, 26
д. Островцы;Центральная, 
Томск;Гагарина, 40/1
Барнаул;Деповская, 22
Кемерово;Кузнецкий пр-кт., д. 35 каб.
Кемерово;Кузнецкий, 35
Омск;Куйбышева ул., д. 77 корп
Омск;Куйбышева, 77 корп. 2
Барнаул;Ленина пр-кт., д. 54В
Новокузнецк;Орджоникидзе, 35
Новосибирск;Планетная ул., д. 30 каб.
Новосибирск;Планетная, 30
Новосибирск;Сухарная, 35 корп. 3
Сургут;30 лет Победы ул., д. 32 офис
Сургут;30 Лет Победы, 32
Ижевск;Воровского ул., д. 158
Ижевск;Воровского, 158
Киров;Дерендяева, 32
Пермь;Екатерининская ул., д. 32А
Пермь;Екатерининская, 32а
Сыктывкар;Коммунистическая, 46/2
Екатеринбург;Малышева, 51 F
Тюмень;Розы Люксембург, 42472
Киров;Сурикова ул., д. 19 офис
Челябинск;Тернопольская ул., д. 6
Челябинск;Тернопольская, 6
Екатеринбург;Фронтовых бригад, 18
Владимир;Верхняя Дуброва, 40
Орел;Горького, 17
Курск;Дзержинского, 25
Нижний Новгород;Сормовское ш., 20
Нижний Новгород;Сормовское шоссе, 20
Калуга;Тульская, 21а
Южно-Сахалинск;ул. Дзержинского, д. 44А
Иркутск;ул. Байкальская, д. 108
Улан-Удэ;ул. Смолина, д. 54б
Благовещенск;ул. 50 лет Октября, д. 28
Петропавловск-Камчатский;ул. Вулканная, д. 59
Якутск;ул. Лермонтова, д. 25
Чита;ул. Красной звезды, д. 64
Белгород;Народный бульвар д.102
Липецк;пр-т Победы, д. 29
Тамбов;ул. М. Горького, д. 17/129 
Воронеж;пр-т Революции, д. 29ж
Владикавказ;ул. Дзусова, д. 18Б 
Грозный;ул. Слободская, д. 9
Карабулак;ул. Быхалова, д. 138 
Кисловодск;ул. Промышленная, д. 14
Махачкала;пр-т Петра Первого, д. 23  
Нальчик;ул. Пачева, д. 19 
Черкесск;ул. Ставропольская, д. 18
Ставрополь;ул. Мира, д. 295/1 
Ростов-на-Дону;ул. Суворова, д. 91
Сочи;ул. Тоннельная, д. 2а
Краснодар;ул. Коммунаров, д. 276/1
Астрахань;наб. 1 Мая, д. 75
Оренбург;ул. Попова, д. 44
Саранск;ул. Б. Хмельницкого, д. 44
Саратов;ул. Университетская, д. 28
Уфа;ул. М. Рыльского, д. 23
Волгоград;ул. Социалистическая, д. 17
Ульяновск;ул. Жуковского, д. 65
Чебоксары;ул. Текстильщиков, д. 6
Казань;ул. Парковая, д. 24
Йошкар-Ола;ул. Пролетарская, д.14
Набережные Челны;ул. Жукова, д. 32
Пенза;ул. Металлистов, д. 7
Тольятти;ул. Фрунзе, д. 6В
Элиста;ул. Сусеева, д. 13
Самара;Московское шоссе, 24 км, 1
Самара;ул. Промышленности, д. 208
Архангельск;ул. Чумбарова-Лучинского, д. 21, корп. 1
Архангельск;ул. Нагорная, д. 5, корп.1
Вологда;ул. Щетинина, д. 13
Череповец;ул. Чкалова, д. 12
Иваново;ул. Смирнова, 13а
Иваново;ул. Степанова, д. 28
п. Большое Исаково;ул. Октябрьская, д. 3
Петрозаводск;ул. Энгельса, д. 25
Кострома;ул. Чайковского, д. 2А
Мурманск;ул. Шмидта, д. 4А
Великий Новгород;ул. Парковая, д. 5
Псков;ул. Новгородская, д. 34
Санкт-Петербург;бул. Конногвардейский , д. 4
Санкт-Петербург;ул. Б. Морская, д. 61
Санкт-Петербург;ул. Весельная, д. 9
Смоленск;ул. Николаева д. 74
Тверь;пр-т Победы, д. 14 
Ярославль;ул. Некрасова, д. 41
Барнаул;ул. Ленина, д. 154
Омск;ул. Куйбышева, д. 77/2
Томск;Мариинский пер., д. 8
Кемерово;Кузнецкий пр-т, д. 35
Красноярск;ул. Взлетная, д. 57
Абакан;ул. Советская, д. 73
Новосибирск;ул. Красный проспект, д. 77/1
Пушкино;ул. Чехова, д.12
Москва;ул. Тверская, д. 22
Брянск;бул. Гагарина, д.23
Брянск;ул. Бежицкая, д. 1А
Тула;ул. Михеева, д. 15
Ижевск;ул. Воровского, д. 158
Киров;ул. Воровского, д. 43
Пермь;ул. Екатерининская, д. 32А
Сургут;ул. 30 лет Победы, д. 32
Сыктывкар;ул. В.Савина, д. 81
Тюмень;ул. Розы Люксембург, д. 12/4
Челябинск;ул. Тернопольская, д. 6
Екатеринбург;ул. Огарева, д. 15
Владимир;ул. В. Дуброва, д. 40
Орел;ул. Горького, д. 17
Калуга;ул. Тульская, д. 21а 
Курск;ул. Парижской Коммуны, д. 73
Рязань;ул. Типанова, д. 7
Брянск;ул. Фокина, д.115
Владивосток г.;Русская ул., д. 4
Чита г.;Амурская ул., 58
Чита г.;Ленина ул., д. 125
Иркутск г.;Академическая ул., д. 31
Иркутск г.;Байкальская ул., д. 130/1
Иркутск г.;Байкальская ул., д. 292
Иркутск г.;Литвинова ул., д. 17
Иркутск г.;Литвинова ул., д. 17
Иркутск г.;Розы Люксембург ул., д. 215В
Иркутск г.;Рябикова б-р., д. 32Г
Иркутск г.;Свердлова ул., д. 36
Иркутск г.;Сергеева ул., д. 3/1
Иркутск г.;Сибирских Партизан ул., д. 11
Иркутск г.;Терешковой ул., д. 26
Комсомольск-на-Амуре г.;Победы пр-кт., д. 14
Кяхта г.;Ленина ул., д. 50
Находка г.;Владивостокская ул., 3
Петропавловск-Камчатский г.;Ленинградская ул., д. 49
Агинское пгт.;Ленина ул., д. 62Б
Арсеньев г.;Калининская ул., д. 24
Байкальск г.;Гагарина мкрн. Центральная пл., Сооружение №2
Белогорск г.;Кирова ул., д. 119
Улан-Удэ г.;Ленина ул., 39
Улан-Удэ г.;Балтахинова ул., д. 15
Улан-Удэ г.;Жердева ул., д. 104Б
Улан-Удэ г.;Корабельная ул., д. 41
Уссурийск г.;Некрасова ул., д. 55
Уссурийск г.;Некрасова ул., д. 82А
Хабаровск г.;60-летия Октября пр-кт., д. 140В
Хабаровск г.;Воронежская ул., в районе д. 19 павильон №12
Хабаровск г.;Ким Ю Чена ул., д. 44
Биробиджан г.;Шолом-Алейхема ул., д. 5
Биробиджан г.;Дзержинского ул., д. 8
Биробиджан г.;Советская ул., д. 58
Благовещенск г.;Мухина ул., д. 114
Владивосток г.;Калинина ул., д. 275А
Владивосток г.;Русская ул., д. 66
Ленск г.;Первомайская ул., д. 18
Лесозаводск г.;Калининская ул., д. 38
Тында г.;Красная Пресня ул., д. 50
Находка г.;Мира пр-кт., д. 3
Находка г.;Спортивная ул., д. 2
Нижнеудинск г.;Ленина ул., д. 51
Николаевск-на-Амуре г.;Советская ул., д. 79
Партизанск г.;Ленинская ул., д. 1
Петропавловск-Камчатский г.;50 лет Октября пр-кт., д. 13
Покровск г.;Притузова ул., д. 33
Слюдянка г.;Ленина ул., д. 101Г
Советская Гавань г.;Пушкина ул., д. 1
Спасск-Дальний г.;Борисова ул., д. 20
Чита г.;Бутина ул., д. 2
Арсеньев г.;Жуковского ул., 39/1
Иркутск г.;Карла Маркса ул., 31
Черемхово г.;Первомайская ул., д. 199
Чита г.;Журавлева ул., д. 79
Чита г.;Костюшко-Григоровича ул., д. 48
Южно-Сахалинск г.;Комсомольская ул., д. 259В
Южно-Сахалинск г.;Комсомольская ул., д. 163
Южно-Сахалинск г.;Мира пр-кт., д. 197Б
Якутск г.;Орджоникидзе ул., д. 38
Якутск г.;Кирова ул., 28
Ростов-на-Дону г.;Зорге ул., 13
Новороссийск г.;Советов ул., д. 21А
Ростов-на-Дону г.;Большая Садовая ул., 63
Ростов-на-Дону г.;Привокзальная пл., 1/2
Шали г.;Кадырова ул., пересечение с ул. Пушкина
Новороссийск г.;Анапское ш., 2
Новороссийск г.;Анапское ш., д. 39а
Новороссийск г.;Дзержинского/Героев Десантников, д. 174/39
Новороссийск г.;Советов ул., д. 11
Приморско-Ахтарск г.;Островского ул., 76/1
Прохладный г.;Ленина ул., торговый ряд
Пятигорск г.;Ессентукская ул., д. 29
Сочи г.;Новая заря ул., д. 7
Россошь г.;Дзержинского ул., д. 52Б
Ростов-на-Дону г.;40-летия Победы пр-кт., д. 310Г
Назрань г.;Центральный округ тер, Х.Б.Муталиева ул., 5 пом. 1
Черкесск г.;Ленина пр-кт., д. 19
Черкесск г.;Ленина пр-кт., д. 58
Черкесск г.;Ленина пр-кт., д. 73
Черкесск г.;Ставропольская ул., д. 19
Эстосадок с.;Эстонская ул., д. 19
Таганрог г.;Чехова ул., д. 137
Владикавказ г.;Московское ш., д. 3к
Воронеж г.;Кольцовская ул., д. 35
Сочи г.;Новая заря ул., 7
Липецк г.;
Воронеж г.;Победы б-р., д. 23Б
Геленджик г.;Горького ул., д. 19А
Геленджик г.;Керченская ул., д. 3
Геленджик г.;Островского ул., д. 17
Грозный г.;А.Кадырова пр-кт., вл. 40
Грозный г.;Маяковского ул., д. 92
Губкин г.;Космонавтов ул., д. 14
Губкин г.;Севастопольская ул., д. 2А
Липецк г.;Советская ул., 66
Махачкала г.;"Амет-хана Султана пр-кт., 5-й км, Автостанция ""Южная"""
Белгород г.;Б.Хмельницкого пр-кт., д. 164
Липецк г.;Героя России Эдуарда Белана ул., д. 26
Липецк г.;Мира пл., д. 4
Липецк г.;Первомайская ул., д. 40
Липецк г.;Победы пл., д. 5А
Липецк г.;Победы пр-кт., д. 53
Майкоп г.;Гоголя/Пролетарская ул., д. 38/207
Майкоп г.;Краснооктябрьская ул., д. 32
Майкоп г.;Победы ул., д. 44
Майкоп г.;Чкалова ул., д. 71
Михайловск г.;Войкова ул., д. 393/1 корп. 1
Моздок г.;Юбилейная ул., д. 25А
Новая Адыгея аул.;Тургеневское шоссе ул., д. 27
Нальчик г.;Площадь Коммунаров ул., д. 15
Нальчик г.;Ленина пр-кт., д. 20
Нальчик г.;Ленина пр-кт., д. 32
Нальчик г.;Осетинская ул., 
Нальчик г.;Пачева ул., д. 19В
Невинномысск г.;Гагарина ул., д. 10
Невинномысск г.;Гагарина ул., д. 63
Старый Оскол г.;Ольминского мкр., д. 17
Тамбов г.;Коммунальная/Носовская ул., д. 21/7
Тамбов г.;Коммунальная ул., д. 32
Тамбов г.;Чичерина/Мичуринская ул., д. 27/211
Тамбов г.;Советская ул., д. 167
Тамбов г.;Советская ул., д. 99А
Тамбов г.;Студенецкая набережная ул., д. 20А
Темрюк г.;Калинина ул., квартал 184 №1
Туапсе г.;Карла Маркса ул., д. 7/9
Туапсе г.;Карла Маркса ул., д. 18
Туапсе г.;Маршала Жукова ул., в районе автовокзала
Усть-Лабинск г.;Ободовского ул., д. 27 литер И.и
Хадыженск г.;Ленина ул., д. 26А
Целина п.;Калинина ул., д. 18А
Черкесск г.;Красноармейская ул., 31
Черкесск г.;Космонавтов ул., д. 30
Лабинск г.;Халтурина ул., 43
Воронеж г.;Героев Сибиряков ул., 65
Сальск г.;Пушкина ул., д. 13
Сочи г.;Демократическая ул., д. 38
Сочи г.;Донская ул., д. 96/2
Сочи г.;Курортный пр-кт., д. 16
Сочи г.;Курортный пр-кт., д. 75Б
Сочи г.;Московская/Роз ул., д. 20/3
Сочи г.;Северная ул., д. 6
Ейск г.;Первомайская пл., 204 корп. 13
Аксай г.;Аксайский пр-кт., д. 23
Анапа г.;Астраханская ул., д. 76
Анапа г.;Астраханская ул., д. 99
Анапа г.;Красноармейская/Крымская ул., б/н
Анапа г.;Крымская ул., д. 92
Армавир г.;Воровского ул., д. 69
Армавир г.;Мира ул., д. 51А
Армавир г.;Новороссийская ул., д. 129-131
Батайск г.;Кирова ул., д. 6/13
Белая Калитва г.;Калинина ул., д. 8/39
Белая Калитва г.;Энгельса ул., д. 21/15
Зверево г.;Обухова ул., д. 35
Белгород г.;Б.Хмельницкого пр-кт., д. 137Т
Белгород г.;Щорса ул., д. 8Д пом. 1
Белореченск г.;Ленина ул., б/н, напротив РУС
Буденновск г.;Ленинская ул., д. 68
Сочи г.;Вардане п. Львовская ул., б/н
Владикавказ г.;Владикавказская ул., д. 26
Владикавказ г.;Джанаева ул., д. 53
Владикавказ г.;Астана Кесаева ул., д. 2А
Ставрополь г.;Доваторцев ул., д. 75а
Ставрополь г.;К.Маркса пр-кт., д. 53
Краснодар г.;Красных партизан ул., д. 161/4
Краснодар г.;Крылатая ул., д. 2
Краснодар г.;Российская ул., д. 257
Краснодар г.;им Тюляева ул., в районе жилого дома № 39
Краснодар г.;Уральская ул., д. 79/2
Кропоткин г.;Красная ул., д. 226
Кропоткин г.;Красная ул., д. 72
Крымск г.;Синева ул., д. 9
Курганинск г.;Комсомольская ул., прилегает к территории СОШ №1
Лабинск г.;Ленина ул., д. 160А
Лазаревское п.;Лазарева ул., ост. Центр 
Липецк г.;Имени 60-летия СССР пр-кт., д. 34
Грозный г.;Дьякова ул., 23
Ростов-на-Дону г.;Ворошиловский пр-кт., д. 81
Ростов-на-Дону г.;Зорге ул., д. 33
Ростов-на-Дону г.;Коммунистический пр-кт., д. 32
Ростов-на-Дону г.;Ленина пр-кт., д. 101/22
Ростов-на-Дону г.;Малиновского ул., д. 25
Ростов-на-Дону г.;Пойменная ул., д. 1
Ростов-на-Дону г.;Пушкинская/Крепостной ул., д. 192/93
Сальск г.;Пушкина ул., стр.14
Гудермес г.;Терешковой пр-кт., д. 17
Гуково г.;Шахтерская ул., д. 50
Дербент г.;Агасиева пр-кт., д. 20
Джубга пгт.;Черноморская ул., д. 72Б торг. пав. Андрей
Донецк г.;Максима Горького ул., д. 67
Елец г.;Мира ул., д. 108
Ессентуки г.;Интернациональная ул., д. 23
Каменск-Шахтинский г.;Карла Маркса пр-кт., д. 67А
Каневская ст-ца.;Нестеренко ул., д. 59
Карачаевск г.;Ленина ул., д. 30В
Константиновск г.;Красноармейская ул., д. 47Г
Краснодар г.;40 лет Победы ул., д. 148
Краснодар г.;40 лет Победы ул., д. 69
Краснодар г.;им Александра Покрышкина ул., д. 34
Краснодар г.;Головатого проезд., д. 313
Краснодар г.;Дзержинского ул., д. 100
Старый Оскол г.;Ленина ул., 22
Кореновск г.;Красная ул., 122
Азов г.;Зои Космодемьянской пр-кт., д. 69/1-8
Саратов г.;Аткарская ул., 31
Дюртюли г.;Генерала Шаймуратова ул., вл. 9
Лениногорск г.;Ленинградская ул., 41А
Казань г.;
Тольятти г.;70 лет Октября ул., кв-л 19 р-н ост общ трансп б. Цветной
Тольятти г.;Автозаводское ш., д. 6
Альметьевск г.;Ленина ул., 100
Волгоград г.;Историческая ул., 175
Заречный г.;Ленина ул., 20А
Тольятти г.;Баныкина ул., д. 32А
Тольятти г.;Дзержинского ул., д. 17А часть ком. 14Б
Тольятти г.;Карла Маркса ул., д. 65
Тольятти г.;Льва Яшина ул., д. 14
Тольятти г.;Революционная ул., д. 60
Тольятти г.;Революционная ул., д. 52А (3-й этаж)
Тольятти г.;Тополиная ул., д. 14
Тольятти г.;Лизы Чайкиной ул., д. 52
Уфа г.;Ленина ул., д. 26
Туймазы г.;Горького ул., д. 41
Туймазы г.;Ленина пр-кт., д. 10-23
Ульяновск г.;Генерала Тюленева пр-кт., д. 25
Ульяновск г.;Гончарова ул., д. 13
Ульяновск г.;Гончарова ул., д. 23/11
Ульяновск г.;Рябикова ул., д. 70
Ульяновск г.;Ульяновский пр-кт., д. 14
Уфа г.;Ферина ул., 9к2
Саратов г.;им Кирова С.М. пр-кт., д. 23
Балашов г.;30 лет Победы ул., д. 137
Барыш г.;Красноармейская ул., д. 37А
Белебей г.;Красная ул., д. 112
Белебей г.;Красная ул., д. 134
Белорецк г.;Точисского ул., д. 9
Бирск г.;Мира ул., д. 27
Благовещенск г.;Седова ул., д. 113
Бугуруслан г.;Революционная ул., д. 61Т
Бузулук г.;О. Яроша/Ленина ул., д. 56/61
Бузулук г.;Привокзальная пл., 
Бузулук г.;Рожкова ул., д. 44А
Буинск г.;Р.Люксембург ул., д. 44
Волгоград г.;им маршала Еременко ул., д. 100
Сибай г.;Ленина ул., 15/1
Альметьевск г.;Ленина ул., д. 20
Ахтубинск г.;Жуковского ул., д. 2
Самара г.;Георгия Димитрова ул., в районе дома 95
Самара г.;Кирова пр-кт., д. 147
Тольятти г.;Дзержинского ул., д. 21
Астрахань г.;Ногина ул., д. 5
Астрахань г.;Победы ул., д. 53
Балаково г.;Комарова ул., д. 135/7
Балаково г.;Ленина ул., д. 76
Балаково г.;Набережная Леонова ул., д. 15
Элиста г.;В.И.Ленина ул., 239
Уфа г.;Маршала Жукова ул., 29
Уфа г.;Айская ул., д. 70
Уфа г.;Кольцевая ул., д. 58
Уфа г.;Комсомольская ул., д. 112
Уфа г.;Менделеева ул., д. 137
Уфа г.;Октября пр-кт., д. 4/1
Уфа г.;Октября пр-кт., ост. Универмаг Уфа по нечетной стор
Уфа г.;Софьи Перовской ул., д. 17 корп. 1
Уфа г.;Тухвата Янаби б-р., д. 20
Уфа г.;Цюрупы ул., д. 97
Уфа г.;Энтузиастов ул., д. 20
Чебоксары г.;Композиторов Воробьевых ул., д. 20
Казань г.;Ямашева пр-кт., 97
Уфа г.;Рубежная ул., д. 174
Волгоград г.;им Героев Сталинград, 50
Самара г.;3-я линия 4-й проезд проезд., д. 57 литера А, А1
Самара г.;Ново-Садовая ул., д. 387 рынок Барбошина Поляна пав. 55
Тольятти г.;Автозаводское ш., д. 6
Саранск г.;Веселовского ул., д. 62
Саранск г.;Волгоградская ул., д. 87
Саранск г.;Косарева ул. Территория северо-восточного рынка, торговый павильон №16
Саратов г.;Дачная 3-я ул., д. 1
Волгоград г.;Ополченская ул., 10
Тольятти г.;Революционная ул., д. 52А (1-й этаж)
Отрадный г.;Нефтяников ул., 90
Уфа г.;Бакалинская ул., около д. 25
Балаково г.;Трнавская ул., д. 24А
Стерлитамак г.;Октября пр-кт., д. 36
Набережные Челны г.;Команды КАМАЗ-МАСТЕР ул., д. 19
Чебоксары г.;И.Я.Яковлева пр-кт., д. 4Б
Чистополь г.;Энгельса ул., д. 104
Оренбург г.;Советская ул., д. 46
Орск г.;Ленина ул., д. 94
Орск г.;Васнецова пл., 0
Пенза г.;Центральная ул., д. 1
Пенза г.;Кирова/Бакунина ул., д. 73/23А
Пенза г.;Луначарского ул., д. 1
Пенза г.;Плеханова ул., д. 19
Пенза г.;Суворова ул., д. 144А
Похвистнево г.;Революционная ул., д. 149
Пугачев г.;М.Горького ул., д. 21/3
Набережные Челны г.;Кооперативная ул., д. 1
Набережные Челны г.;Мира пр-кт., д. 3
Набережные Челны г.;Мира пр-кт., д. 49А
Набережные Челны г.;Московский пр-кт., д. 128А
Набережные Челны г.;Набережночелнинский пр-кт., д. 3А
Набережные Челны г.;Сююмбике пр-кт., д. 2/19
Набережные Челны г.;Сююмбике пр-кт., д. 2
Набережные Челны г.;Шамиля Усманова ул., д. 32А
Набережные Челны г.;Яшьлек пр-кт., д. 14
Октябрьский г.;Ленина пр-кт., д. 14
Октябрьский г.;Ленина пр-кт., д. 59/1
Октябрьский г.;Садовое Кольцо ул., д. 18
Бузулук г.;Ленина ул., 10
Астрахань г.;Свердлова ул., 19
Самара г.;Авроры ул., 92 А
Оренбург г.;Володарского ул., д. 27
Оренбург г.;Дзержинского пр-кт., д. 23
Оренбург г.;Победы пр-кт., д. 132
Оренбург г.;Салмышская ул., д. 41
Саратов г.;им Зарубина В.С. ул., д. 167
Саратов г.;Московская угол ул.Вольская, д. 104/60
Саратов г.;Им Орджоникидзе Г.К. пл., д. 1
Сорочинск г.;Володарского ул., д. 16
Стерлитамак г.;Артема ул., д. 96
Стерлитамак г.;Голикова ул., д. 20
Стерлитамак г.;Мира ул., д. 2А
Стерлитамак г.;Худайбердина ул., вл. 120
Сызрань г.;Советская ул., д. 1-3
Сызрань г.;Ульяновское ш., д. 38
Салават г.;Ленина ул., д. 23
Салават г.;Ленина ул., д. 42
Самара г.;Двадцать второго Партсъезда ул., в районе дома №4
Самара г.;Аэродромная ул., д. 47а
Камышин г.;Пролетарская ул., д. 103б
Канаш г.;Железнодорожная ул., д. 73
Маркс г.;Первомайская ул., д. 62
Канаш г.;Ленина пр-кт., д. 33 пом. 5
Канаш г.;Московская ул., д. 13 стр.11
Кузнецк г.;Белинского ул., д. 225
Кумертау г.;Брикетная ул., д. 2А
Мелеуз г.;Ленина ул., д. 150
Мелеуз г.;Смоленская ул., д. 38
Нефтегорск г.;Нефтяников ул., д. 23В
Нижнекамск г.;Гагарина ул., д. 25
Нижнекамск г.;Химиков пр-кт., д. 18
Нижнекамск г.;Химиков пр-кт., д. 34А
Никольск г.;Белинского ул., д. 5Д
Новотроицк г.;Советская ул., д. 43В
Набережные Челны г.;Вахитова ул., ост. Глобус
Набережные Челны г.;им Мусы Джалиля пр-кт., д. 46А
Волжский г.;Ленина пр-кт., 46
Казань г.;Вишневского ул., д. 14
Казань г.;Даурская ул., у 25
Казань г.;Декабристов ул., д. 42/187
Казань г.;Рихарда Зорге ул., вблизи дома 75
Казань г.;Ибрагимова пр-кт., д. 56
Казань г.;Ибрагимова пр-кт., д. 56
Казань г.;Хусаина Мавлютова ул., д. 16/1
Казань г.;Московская ул., д. 48
Казань г.;Петербургская ул., д. 1
Казань г.;Победы пр-кт., д. 141
Казань г.;Сибирский тракт., д. 8
Казань г.;Сибирский тракт., уч.34
Казань г.;
Казань г.;Юлиуса Фучика ул., д. 34
Казань г.;Ямашева пр-кт., д. 46/33
Кузнецк г.;Белинского ул., 82Б.
Волгоград г.;им. В.И. Ленина пр-кт., д. 10
Волгоград г.;Рабоче-Крестьянская ул., д. 9Б
Волгоград г.;Университетский пр-кт., д. 107
Волжский г.;Александрова ул., д. 18А
Волжский г.;Ленина пр-кт., д. 82Г
Вольск г.;Октябрьская ул., д. 108А
Димитровград г.;Автостроителей пр-кт., д. 74Б
Димитровград г.;Гагарина ул., д. 9
Димитровград г.;Хмельницкого ул., д. 100А
Дюртюли г.;Первомайская ул., д. 2А пом. 71
Знаменск г.;9 Мая пр-кт., напротив Торгового центра
Инза г.;Тухачевского ул., д. 19
Ишимбай г.;Стахановская ул., д. 92
Йошкар-Ола г.;Баумана ул., д. 16 ТРК Планета
Йошкар-Ола г.;Кирова ул., д. 6
Йошкар-Ола г.;Комсомольская ул., д. 155
Йошкар-Ола г.;Первомайская ул., д. 115
Йошкар-Ола г.;Советская ул., д. 121
Йошкар-Ола г.;Чавайна ул., в юг-вост части кадастр кв 12:05:0701004
Казань г.;Беломорская ул., д. 242
Астрахань г.;Савушкина ул., 5
Астрахань г.;Вокзальная пл., 13
Самара г.;Южное ш., 5
Оренбург г.;Салмышская ул., 71
Волгоград г.;им Николая Отрады ул, 13 Д
Казань г.;Фрунзе ул., около д. 164
Санкт-Петербург г.;Восстания ул., 55
Смоленск г.;Колхозная пл., пав. 19
Санкт-Петербург г.;Коллонтай ул., 3
Санкт-Петербург г.;Большевиков пр-кт., 18
Санкт-Петербург г.;Новаторов б-р., 11 кор
Волхов г.;Кировский пр-кт., д. 45А
Всеволожск г.;Всеволожский пр-кт., д. 61
Волхов г.;Профсоюзов ул., д. 13
Всеволожск г.;Александровская ул., д. 80А
Выборг г.;Госпитальная ул., д. 1
Выборг г.;Приморская ул., д. 3
Выборг г.;Ушакова ул., д. 6
Вышний Волочек г.;Казанский пр-кт., д. 85
Гатчина г.;Пушкинское ш., д. 15
Гусев г.;Победы ул., д. 4
Заполярный г.;Советский пер., д. 8
Иваново г.;10 Августа ул., д. 39А
Иваново г.;8 Марта ул., д. 32 
Иваново г.;Богдана Хмельницкого ул., д. 36
Иваново г.;Громобоя ул., д. 11А
Иваново г.;Лежневская ул., д. 55
Иваново г.;Ленина пр-кт., д. 57А
Иваново г.;Ленина пр-кт., д. 7
Иваново г.;Строителей пр-кт., д. 25
Иваново г.;Шереметевский пр-кт., д. 33 литер А
Иваново г.;Шереметевский пр-кт., кадастр номер 37:24:020113:0016 у д87
Калининград город г.;Театральная ул., д. 30 литер А
Калининград город г.;Ульяны Громовой ул., напротив д. 1 по б-ру Любови Швецовой
Рыбинск г.;Луначарского ул., д. 23
Северодвинск г.;Карла Маркса ул., д. 19А
Северодвинск г.;Ленина пр-кт., д. 35/37
Сланцы г.;Кирова ул., д. 27/11
Смоленск г.;25 Сентября ул., 
Смоленск г.;Нормандия-Неман-Нахимова-Багратиона, трамвайное кольцо
Смоленск г.;Гагарина пр-кт., д. 1
Смоленск г.;Желябова пл., д. 1
Смоленск г.;Кашена (Колхозная пл.), д. 1А
Смоленск г.;Николаева ул., д. 4
Смоленск г.;Ново-Московская ул., д. 2/8
Советск г.;Победы ул., д. 19-21
Сокол г.;Советская ул., д. 50А
Сосновый Бор г.;Героев пр-кт., д. 49А корп. 4
Сосновый Бор г.;Солнечная ул., д. 33А
Санкт-Петербург г.;Балканская пл., д. 5 лит. В
Санкт-Петербург г.;Большевиков пр-кт., д. 7 корп. 4
Санкт-Петербург г.;Большая Разночинная ул., д. 16 лит. А
Санкт-Петербург г.;Бухарестская ул., д. 30 лит. А
Санкт-Петербург г.;Полюстровский пр-кт., д. 84 лит. А
Санкт-Петербург г.;Таллинское (Старо-Паново) ш., д. 159 лит. А
Санкт-Петербург г.;Энгельса пр-кт., д. 154 лит. А
Иваново г.;Куконковых ул., 141
Калининград город г.;Черняховского ул., д. 2-4
Караваево п.;Красносельское ш., д. 1 ТРЦ Коллаж
Кимры г.;Урицкого ул., д. 4/6
Кингисепп г.;Карла Маркса пр-кт., д. 15/15
Кострома г.;Мучные ряды., д. 1
Кинешма г.;Революции пл., д. 4А
Кириши г.;Ленина пр-кт., д. 3
Кириши г.;Ленина пр-кт., д. 44
Колпино г.;Пролетарская ул., д. 36
Конаково г.;Энергетиков ул., д. 28Б
Коряжма г.;Ленина пр-кт., д. 17
Кострома г.;Давыдовский-3 мкр., д. 32
Кострома г.;Магистральная ул., д. 20
Кострома г.;Поселковая ул., д. 37
Кострома г.;Советская ул., д. 79/73
Котлас г.;Проспект Мира пр-кт., д. 18
Котлас г.;Улица Невского ул., д. 25А
Луга г.;Кирова пр-кт., д. 48
Луга г.;А.Яковлева ул., д. 5
Санкт-Петербург г.;Долгоозерная ул., д. 14
Санкт-Петербург г.;Елецкая ул., д. 15А литер Д
Санкт-Петербург г.;Заневская пл., сооруж. №1, лит.А
Санкт-Петербург г.;Заневский пр-кт., д. 67
Санкт-Петербург г.;Комендантский пр-кт., д. 33 корп. 3
Тверь г.;Гагарина пл., д. 5
Тверь г.;Октябрьский пр-кт., д. 103
Тверь г.;Паши Савельевой ул., д. 27 корп. 1
Санкт-Петербург г.;Комендантский пр-кт., кв.7В уч.8 у станции метро Пионерская
Тихвин г.;3 мкр., у дома №1
Тихвин г.;6 мкр., д. 17А
Тосно г.;Вокзальная ул., у д. 1
Череповец г.;Годовикова ул., д. 37
Череповец г.;Наседкина ул., д. 10А
Череповец г.;Победы пр-кт., д. 200
Череповец г.;Победы пр-кт., д. 56
Череповец г.;Советский пр-кт., д. 98
Черняховск г.;Садовая ул., д. 4
Чудово г.;Некрасова ул., д. 11
Мончегорск г.;Металлургов пр-кт., д. 34
Мурманск г.;Ленина пр-кт., д. 32
Мурманск г.;Ленина пр-кт., д. 50
Мурманск г.;Ленинградская ул., д. 20/3
Никольское г.;Советский пр-кт., д. 160А
Переславль-Залесский г.;Ростовская ул., д. 15
Апатиты г.;Ленина ул., д. 4
Архангельск г.;Воскресенская ул., д. 20
Архангельск г.;Троицкий пр-кт., д. 17
Боровичи г.;Подбельского ул., д. 3
Великие Луки г.;Вокзальная ул., д. 11
Вологда г.;Пошехонское шоссе ул, 22
Вельск г.;Дзержинского ул., д. 62Д
Вельск г.;Карпеченко ул. (бывш. Комсомольская), д. 4А
Великий Новгород г.;Ломоносова ул., д. 29
Вологда г.;Герцена ул., д. 29
Петрозаводск г.;Ленинградская ул., д. 13
Подпорожье г.;Ленина пр-кт., д. 19А
Псков г.;Октябрьский пр-кт., д. 54 пом 1048
Псков г.;Рижский пр-кт., д. 16
Псков г.;Труда ул., д. 54
Псков г.;Яна Фабрициуса ул., д. 5А
Ржев г.;Ленина ул., д. 5А/80
Рыбинск г.;Бабушкина ул., д. 29
Рыбинск г.;Кирова ул., д. 3
Рыбинск г.;Крестовая ул., д. 51
Санкт-Петербург г.;Ленсовета ул., д. 101 лит. А
Санкт-Петербург г.;Московский пр-кт., д. 216
Санкт-Петербург г.;Московский пр-кт., д. 3
Санкт-Петербург г.;3-й Верхний пер., уч.13 сев-вост д.162 литР по пр.Энгельса
Санкт-Петербург г.;Партизана Германа ул., уч. 32 (у дома 14/117)
Санкт-Петербург г.;Петергофское ш., д. 51
Санкт-Петербург г.;Стачек пр-кт., 99
Санкт-Петербург г.;Просвещения пр-кт., 48 лит
Северодвинск г.;Ломоносова ул., 81
Ярославль г.;Машиностроителей пр-кт., д. 30/18
Санкт-Петербург г.;Московский пр-кт., 165
Ярославль г.;Свободы ул., д. 46А
Санкт-Петербург г.;Невский пр-кт., 184
Кострома г.;Калиновская ул., 42
Новосибирск г.;Гусинобродское ш., д. 20
Абакан г.;Пушкина ул., 48
Новосибирск г.;им. Карла Маркса пл., д. 7
Омск г.;10 лет Октября ул., д. 109
Омск г.;Архитекторов б-р., д. 35
Омск г.;Карла Маркса пр-кт., д. 29
Омск г.;Карла Маркса пр-кт., д. 84/1
Омск г.;Нефтезаводская ул., д. 10
Осинники г.;Победы ул., д. 23
Кемерово г.;Ленина пр-кт., д. 75 ост. Фабричная
Киселевск г.;Ленина ул., д. 41
Кемерово г.;Шахтеров пр-кт., д. 54
Красноярск г.;78 Добровольческой бригады ул., д. 12
Красноярск г.;9 мая ул., д. 12
Красноярск г.;9 мая ул., д. 77
Красноярск г.;Красной Армии ул., д. 10 стр. 4
Красноярск г.;им газеты Красноярский Рабочий пр-кт., д. 120
Красноярск г.;им газеты Красноярский Рабочий пр-кт., д. 56/4
Красноярск г.;Ладо Кецховели ул., д. 26/1
Красноярск г.;Александра Матросова ул., д. 14Г
Южный рп.;Белинского ул., 12
Полысаево г.;Космонавтов ул., д. 69
Прокопьевск г.;Институтская ул., д. 21
Прокопьевск г.;Ноградская ул., д. 22
Прокопьевск г.;Шахтеров пр-кт., д. 16
Рубцовск г.;Ленина пр-кт., д. 58
Славгород г.;Ленина ул., д. 73
Тайга г.;40 лет Октября ул., д. 17-12
Тогучин г.;Островского ул., д. 9А
Томск г.;Иркутский тракт., д. 112
Томск г.;Комсомольский пр-кт., д. 13Б
Томск г.;Мира пр-кт., д. 30
Ужур г.;Кирова ул., д. 33Б
Черногорск г.;Юбилейная ул., д. 11Г
Шарыпово г.;Пионерный мкр., д. 9
Юрга г.;Волгоградская/Кузбасский, ???
Новокузнецк г.;Шахтеров пр-кт., д. 12А
Красноярск г.;Партизана Железняка ул., д. 12А
Красноярск г.;Телевизорная ул., д. 1 стр. 90
Кызыл г.;Калинина ул., д. 1/2
Кызыл г.;Комсомольская ул., д. 23
Кызыл г.;Кочетова ул., д. 47
Кызыл г.;Тувинских Добровольцев ул., д. 13
Кызыл г.;Тувинских Добровольцев ул., д. 26
Ленинск-Кузнецкий г.;Шевцовой ул., д. 11Б
Мариинск г.;Дорожная ул., 47 м. на сев-зап от д. №1 по ул.Дорожная
Мариинск г.;Ленина ул., д. 14
Назарово г.;30 лет ВЛКСМ ул., д. 53 (рыночная площадь)
Назарово г.;Арбузова ул., д. 110
Новокузнецк г.;Доз ул., д. 10А
Новокузнецк г.;Кирова ул., д. 55
Новокузнецк г.;Кирова ул., у д.92 ост.Левый берег
Новокузнецк г.;Курако пр-кт., д. 3
Новокузнецк г.;Ленина ул., д. 7
Новокузнецк г.;Металлургов пр-кт., д. 3
Бийск г.;Ленина ул., ул. 244
Абакан г.;Дружбы Народов пр-кт., д. 27
Абакан г.;Некрасова ул., д. 31
Абакан г.;Торговая ул., д. 5
Абакан г.;Тараса Шевченко ул., д. 62г
Алейск г.;Пионерская ул., д. 134
Анжеро-Судженск г.;Ленина ул., д. 13а
Ачинск г.;4-й мкр., строение 8а блок №5 павильон 1
Ачинск г.;м-он 6_Северо-Западннее жилого дома № 8 (ул. Кравченко), 
Ачинск г.;3-й мкр., стр. 39 (на территории ТЦ Причулымье)
Барнаул г.;Власихинская ул., д. 65
Барнаул г.;Ленина пр-кт., д. 102А
Барнаул г.;Победы пл., д. 12А
Красноярск г.;Дмитрия Мартынова ул, 2
Барнаул г.;Красноармейский пр-кт., д. 51А
Юрга г.;Волгоградская ул., д. 16
Новокузнецк г.;Тореза ул., д. 95
Новокузнецк г.;Новоселов ул., д. 29А
Новокузнецк г.;Орджоникидзе ул., д. 35 корп. 1
Новокузнецк г.;Тореза ул., д. 20а ост. Советской Армии
Новосибирск г.;Ватутина ул., д. 107
Новосибирск г.;Военная ул., д. 5
Новосибирск г.;Гоголя ул., д. 13
Новосибирск г.;Дмитрия Шамшурина ул., д. 43
Новосибирск г.;Мясниковой ул., д. 29
Барнаул г.;Попова/Георгия Исакова ул., д. 86/260
Белово г.;Советская ул., д. 36
Белово г.;Юбилейная ул., д. 9
Бердск г.;Ленина ул., д. 41А
Бийск г.;имени Героя Советского Союза Васильева ул., д. 59/2
Бийск г.;Коммунарский пер., ул. 18
Бийск г.;Вали Максимовой ул., ул. 88
Бийск г.;Михаила Митрофанова ул., ул. 35
Боготол г.;Деповская ул., д. 19Б
Горно-Алтайск г.;Коммунистический пр-кт., д. 1
Горно-Алтайск г.;Коммунистический пр-кт., д. 11
Гурьевск г.;Ленина ул., д. 27Б ост Заводская
Дивногорск г.;Бочкина ул., 10А/2
Заринск г.;Строителей пр-кт., д. 16
Заринск г.;Строителей пр-кт., д. 21
Зеленогорск г.;Ленина ул., д. 14
Исилькуль г.;Коммунистическая ул., д. 8
Искитим г.;
Искитим г.;Юбилейная ул., д. 2
Камень-на-Оби г.;Гагарина ул., д. 111
Камень-на-Оби г.;Пушкина ул., д. 11Б
Новосибирск г.;Троллейная ул., д. 130А
Новокузнецк г.;Архитекторов пр-кт., 14А
Дедовск г.;Железнодорожная ул., д. 13
Дмитров г.;Бирлово Поле ул., д. 7
Долгопрудный г.;Пацаева пр-кт., д. 12Е
Долгопрудный г.;Комсомольская ул., лит. А, 1 этаж, комнаты №1,2,3,4,5
Домодедово г.;Каширское ш., стр. 3А
Домодедово г.;Краснодарская ул., д. 2
Домодедово г.;Академика Туполева пр-кт., д. 2
Королев г.;Королева пр-кт., д. 20
Жуковский г.;Московская пл., пом. 13
Зеленоград г.;Крюковская пл., д. 1
Зеленоград г.;Крюковская пл., стр. 8
Зеленоград г.; 17 км Ленинградского ш., 17 км. Ленинградского ш.
Москва г.;Святоозерская ул., 1А
Москва г.;Чечерский проезд., 1
Москва г.;Красного Маяка ул., 2
Москва г.;Щербаковская ул., д. 3
Щербинка г.;Симферопольское ш., д. 8
Москва г.;Энтузиастов ш., д. 31 стр. 39
Москва г.;Яблочкова ул., д. 23Д
Москва г.;Ярославское ш., д. 54
Москва г.;Ярцевская ул., д. 19
Мытищи г.;Мира ул., стр. 51
Мытищи г.;Коммунистическая ул., д. 1
Мытищи г.;Шараповский проезд., вл. 11
Мытищи г.;Шараповский проезд., вл. 2
Ногинск г.;Комсомольская ул., д. 26
Одинцово г.;Советская ул., д. 1В
Октябрьский рп.;Ленина ул., д. 39Б
Орехово-Зуево г.;Ленина ул., д. 78
Орехово-Зуево г.;Якова Флиера ул., д. 4
Москва г.;Большая Семёновская ул., д. 20
Москва г.;Большая Серпуховская ул., д. 17 стр. 3
Москва г.;Большая Тульская ул., д. 13
Москва г.;Бутырская ул., д. 97
Москва г.;Большая Черкизовская ул., д. 125
Москва г.;Валовая ул., д. 2/44
Москва г.;Варшавское ш., д. 143А
Москва г.;Варшавское ш., д. 152А
Москва г.;Варшавское ш., д. 160
Москва г.;Варшавское ш., д. 26
Москва г.;Варшавское ш., д. 87Б
Москва г.;Варшавское ш., вл. 140
Москва г.;Варшавское ш., вл. 32 корп. 1 стр. 7
Москва г.;Вернадского пр-кт., д. 39
Москва г.;Вернадского пр-кт., д. 6
Москва г.;Вернадского пр-кт., д. 86А
Москва г.;Вешняковская ул., д. 18
Москва г.;2-я Владимирская ул., д. 36
Москва г.;2-я Рейсовая ул., д. 2 корп. 5
Москва г.;Варшавское ш., 135Б
Москва г.;Профсоюзная ул., д. 104/47
Москва г.;Профсоюзная ул., д. 19
Москва г.;Лубянский проезд., 27/1 стр. 1
Москва г.;Фестивальная ул., д. 2Б
Москва г.;Рождественка ул., д. 6/9/20
Москва г.;Рублевское ш., вл. 62
Москва г.;Рязанский пр-кт., д. 75 корп. 3
Москва г.;Свободный пр-кт., д. 33А
Москва г.;Сигнальный проезд., д. 17
Москва г.;Сигнальный проезд., д. 6А
Москва г.;Совхозная ул., д. 41
Москва г.;Сокольническая пл., д. 4 корп. 1
Москва г.;Солнцевский пр-кт., д. 21
Москва г.;Новоясеневский пр-кт., д. 1
Москва г.;Старокачаловская ул., д. 5А
Москва г.;Лосиноостровская ст., Анадырский пр., д б/н
Москва г.;Арбат ул., д. 32
Москва г.;Стратонавтов проезд., д. 7 корп. 3
Москва г.;Сходненская ул., д. 37
Москва г.;Сходненская ул., д. 56
Одинцово г.;Советская ул., д. 9
Москва г.;Энтузиастов ш., 13
Москва г.;Литовский б-р., д. 22
Москва г.;Лобненская ул., д. 4А
Москва г.;Локомотивный проезд., напротив вл. 3-5
Москва г.;Ломоносовский пр-кт., д. 23А стр. 1
Москва г.;Маршала Бирюзова ул., д. 16
Москва г.;Менжинского ул., д. 36 стр. 2
Москва г.;Мира пр-кт., д. 112А
Москва г.;Мира пр-кт., вл. 211
Москва г.;Мира пр-кт., д. 40
Москва г.;Митинская ул., д. 40
Москва г.;Мичуринский пр-кт., д. 27
Москва г.;Мясницкая ул., д. 10
Москва г.;Нахимовский пр-кт., д. 40
Москва г.;Новокосинская ул., д. 35
Москва г.;Новорязанское ш., д. 1А
Зеленоград г.;пересечение Панфиловского пр-та и 1-го Западного пр-да, д. 6А
Зеленоград г.;Привокзальная пл., д. 1
Коломна г.;Октябрьской революции ул., д. 362
Королев г.;Исаева ул., д. 1В
Королев г.;Подлипки ст. Привокзальная пл., 
Котельники г.;1-й Покровский проезд., д. 5
Котельники г.;Опытное поле мкр., д. 9
Красногорск г.;Железнодорожный пер., д. 3
Красногорск г.;Ленина ул., д. 2
Красногорск г.;Международная ул., д. 18
Лобня г.;Маяковского ул., д. 5А
Люберцы г.;Инициативная ул., д. 14
Люберцы г.;Октябрьский пр-кт., д. 366
Люберцы г.;Побратимов ул., д. 7
Монино рп.;Железнодорожная ул., д. 35 стр. 1
Москва г.;1-я Останкинская ул., д. 55
совхоза им Ленина п.;24 километр МКАД км., вл. 1
Москва г.;3-й Крутицкий пер., д. 18
Подольск г.;Большая Серпуховская ул., д. 32В
Подольск г.;Симферопольское ш., д. 20А стр. 1
Подольск г.;Вокзальная пл., д. 4А
Пушкино г.;Московский пр-кт., д. 1
Раменское г.;Вокзальная ул., д. 4Б
Раменское г.;Космонавтов ул., д. 1Б пав. 3
Раменское г.;Октябрьская ул., д. 1В
Реутов г.;Дзержинского ул., д. 11В
Реутов г.;Носовихинское ш., 10 мкрн
Сергиев Посад г.;Привокзальная пл., д. 2
Серпухов г.;Борисовское ш., д. 1
Серпухов г.;Ворошилова ул., д. 113А
Солнечногорск г.;Красная ул., д. 22А
Троицк г.;В мкр., рыночный комплекс
Фрязино г.;Мира пр-кт., д. 20Б
Химки г.;8 Микрорайон ул., корп. 4
Химки г.;Дружбы ул., д. 1А
Химки г.;Ленинградское ш., вл. 5
Химки г.;аэропорт «Шереметьево» пом.3, Интернет-кафе
Чехов г.;Симферопольское ш., д. 1
Щелково г.;Пролетарский пр-кт., д. 11
Щелково г.;Пролетарский пр-кт., д. 4 корп. 3 пом. 117
Электросталь г.;Журавлева ул., д. 2
Москва г.;Хорошёвское ш., д. 33/1
Москва г.;Волгоградский пр-кт., д. 59
Москва г.;Строгинский б-р., д. 1
Москва г.;Головинское ш., д. 5
Москва г.;Грузинский Вал ул., д. 28/45
Москва г.;Декабристов ул., д. 15Б
Москва г.;Декабристов ул., д. 17
Москва г.;Дмитрия Донского б-р., д. 10
Москва г.;Дмитровское ш., д. 163А корп. 1
Москва г.;Дмитровское ш., д. 89
Москва г.;Енисейская ул., д. 37
Москва г.;Зеленодольская ул., д. 35
Москва г.;Зеленодольская ул., д. 40
Москва г.;Золоторожский Вал ул., д. 38 стр. 1
Москва г.;Зубовский б-р., д. 17
Москва г.;Измайловское ш., д. 69Б
Москва г.;Калужское ш., 21 км МКАД
Солнечногорск г.;Крестьянская ул., 10
Москва г.;Тверская ул., д. 19А
Москва г.;Усачёва ул., д. 29 корп. 3
Москва г.;Фестивальная ул., д. 13 корп. 1
Москва г.;Хабаровская ул., д. 15
Москва г.;Ходынский б-р., д. 4
Москва г.;МКАД, 87-й км., д. 8
Москва г.;Шаболовка ул., д. 10 корп. 1
Москва г.;Шереметьевская ул., д. 20
Москва г.;Шереметьевская ул., д. 6 корп. 1
Москва г.;Шипиловская ул., д. 50
Москва г.;Шипиловский проезд., вл. 39 стр. 2
Москва г.;Широкая ул., вл. 11А
Москва г.;Шоссейная ул., д. 1/2 стр.4
Москва г.;Щёлковское ш., д. 56/72
Воскресенск г.;Ленина пл., д. 5
Дмитров г.;Загорская ул., д. 34А
Химки г.;Шереметьево Терминал 2, 
Москва г.;Славянский б-р., вл. 3
Жуковский г.;Гагарина ул., 60а
Москва г.;Огородный проезд., д. 10
Москва г.;Волгоградский пр-кт., 80/2
Москва г.;7-я Кожуховская ул., вл. 3а
Москва г.;Алтуфьевское ш., 85 км МКАД
Москва г.;Авиамоторная ул., д. 41Б
Москва г.;Автозаводская ул., д. 16-18
Москва г.;Адмирала Лазарева ул., д. 2
Москва г.;Адмирала Ушакова б-р., д. 1 стр. 1
Москва г.;Азовская ул., д. 24 корп. 3
Москва г.;Андропова пр-кт., д. 25В
Москва г.;Бауманская ул., вл. 33
Москва г.;Болотниковская ул., д. 12
Москва г.;Большая Полянка ул., д. 30
Москва г.;Борисовские Пруды ул., д. 26 стр. 2
Москва г.;Боровское ш., д. 27
Москва г.;Братиславская ул., д. 14
Москва г.;Новоясеневский пр-кт., д. 2
Москва г.;Новоясеневский пр-кт., д. 7
Москва г.;Новый Арбат ул., д. 13
Москва г.;Ореховый б-р., д. 15
Москва г.;Ореховый б-р., вл. 24 стр. 1А
Москва г.;Осенний б-р., д. 12
Москва г.;Открытое ш., д. 5 корп. 11
Москва г.;Павелецкая пл., д. 1
Москва г.;Первомайская ул., д. 77 стр. 2
Москва г.;Планерная ул., д. 7
Москва г.;Матвеевская ул., д. 2
Москва г.;Киевского Вокзала пл., д. 2
Москва г.;Покрышкина ул., д. 5
Москва г.;Пролетарский пр-кт., д. 23
Москва г.;Каширское ш., д. 26
Москва г.;Каширское ш., вл. 12
Москва г.;Кировоградская ул., д. 14
Москва г.;Кожевническая ул., д. 5
Москва г.;Комсомольская пл., д. 3
Москва г.;Коровий Вал ул., д. 1
Москва г.;Краснодарская ул., д. 51 корп. 2
Москва г.;Краснопрудная ул., д. 1
Москва г.;Кронштадтский/Головинское ш., д. 3 стр. 13
Москва г.;Кронштадтский б-р., д. 3 стр. 3
Балашиха г.;Свердлова ул., у д. 22
Москва г.;Куусинена ул., д. 1
Подольск г.;Ленинградская ул., 7
Москва г.;Ленинградский пр-кт., д. 76А
Москва г.;Ленинградское ш., д. 14/1
Москва г.;Ленинский пр-кт., д. 2/1
Балашиха г.;Советская ул., комплекс торг пав у ост Школа пом 1
Балашиха г.;Фадеева ул., д. 1
Балашиха г.;Энтузиастов ш., д. 54А
Быково рп.;Праволинейная ул. пл. Пристанционная, 
Говорово д.;МКАД 47 км, стр. 20
Москва г.;Багратионовский проезд., 5
Москва г.;2-я Владимирская ул., 38/18
Тюмень г.;Тимофея Чаркова ул., 60
Екатеринбург г.;Челюскинцев ул., 27
Добрянка г.;Герцена ул., 37
Березники г.;Мира ул., 82
Челябинск г.;Гагарина ул., д. 30
Челябинск г.;Труда ул., 203
Тюмень г.;Федюнинского ул., 67
Тюмень г.;Червишевский тракт ул., д. 66/1
Челябинск г.;Артиллерийская ул., д. 136
Челябинск г.;Дарвина ул., д. 18А
Челябинск г.;Енисейская ул., д. 8
Челябинск г.;Комарова/Салютная ул., д. 2
Лангепас г.;Ленина ул., 36
Челябинск г.;Первой Пятилетки ул., д. 11
Челябинск г.;Российская ул., д. 194
Пермь г.;Мира ул., д. 132
Пермь г.;Мира ул., д. 20Б
Пермь г.;Светлогорская ул., д. 15А
Пойковский пгт.;5-й мкр., д. 2
Полевской г.;Ленина ул., д. 15
Полевской г.;Коммунистическая (мкр.Зеленый бор), д. 1
Ревда г.;Максима Горького ул., д. 46
Ревда г.;Мира ул., д. 18
Соликамск г.;20-летия Победы ул., д. 117
Сургут г.;30 лет Победы ул., д. 46
Сургут г.;Ленина пр-кт., д. 37
Лысьва г.;Металлистов ул., д. 21
Лянтор г.;4-й мкр., д. 4
Магнитогорск г.;Карла Маркса пр-кт., д. 153
Мегион г.;Заречная ул., р-н маг УЮТ торг-останов комплекс Эмилия
Мегион г.;А.М.Кузьмина ул., д. 7
Миасс г.;Автозаводцев пр-кт., д. 20
Муравленко г.;Ленина ул., д. 99
Надым г.;Зверева ул., д. 37А
Нефтеюганск г.;12-й мкр., д. 28
Нефтеюганск г.;Сургутская ул., территория рынка Центральный
Нижневартовск г.;60 лет Октября ул., д. 52
Нижневартовск г.;Ленина ул., д. 15П
Нижневартовск г.;Мира ул., д. 11
Нижневартовск г.;Мира ул., д. 36
Нижневартовск г.;Нефтяников ул., д. 86Б
Нижневартовск г.;Ханты-Мансийская ул., д. 20А
Нижний Тагил г.;Черноисточинское ш., д. 49
Нижний Тагил г.;Ленина пр-кт., д. 73
Нижний Тагил г.;Ленинградский пр-кт., д. 28
Нижний Тагил г.;Строителей/Мира пр-кт., д. 10/15
Новоуральск г.;Комсомольская ул., д. 1
Екатеринбург г.;Космонавтов пр-кт., д. 41
Екатеринбург г.;Краснолесья ул., д. 133
Екатеринбург г.;Металлургов ул., д. 87
Екатеринбург г.;Победы ул., д. 65
Екатеринбург г.;Репина ул., д. 94
Екатеринбург г.;Техническая ул., д. 37
Заводоуковск г.;Первомайская ул., д. 9Б
Златоуст г.;Мира пр-кт., д. 22
Златоуст г.;Таганайская ул., д. 196Б
Киров г.;Ленина ул., д. 69/7
Усинск г.;Парковая ул., 8б
Екатеринбург г.;Щербакова ул., 4
Когалым г.;Сопочинского проезд., д. 2
Югорск г.;40 лет Победы ул., д. 3
Южноуральск г.;Мира ул., д. 43
Сухой Лог г.;Кирова ул., д. 22
Сургут г.;Ленина пр-кт., у д.59А, ост.УБР нечетная сторона
Сыктывкар г.;Коммунистическая ул., д. 53
Сыктывкар г.;Октябрьский пр-кт., д. 131/3
Тавда г.;9 мая ул., д. 3
Тарко-Сале г.;Тарасова ул., д. 5
Тюмень г.;Алебашевская ул., д. 19
Тюмень г.;Дмитрия Менделеева ул., д. 1
Тюмень г.;Пермякова ул., д. 50Б
Пермь г.;Мира ул., д. 41/1
Новоуральск г.;Победы ул., д. 5
Новый Уренгой г.;4-й квартал МЭЗ, Универсальный розничный рынок Южный
Новый Уренгой г.;Ленинградский пр-кт., д. 13а
Новый Уренгой г.;Ленинградский пр-кт., д. 9А
Новый Уренгой г.;Донской мкр., ??
Ноябрьск г.;Ленина ул., д. 15
Ноябрьск г.;Энтузиастов ул., д. 30Г
Первоуральск г.;Ильича ул., д. 8/49
Пермь г.;Автозаводская ул., д. 44
Пермь г.;Куйбышева ул., д. 95В
Пермь г.;Ласьвинская ул., д. 37/1
Краснотурьинск г.;Ленина ул., д. 76
Нижневартовск г.;Омская ул., д. 12
Каменск-Уральский г.;Алюминиевая ул., д. 14
Каменск-Уральский г.;Суворова ул., д. 24
Каменск-Уральский г.;Победы пр-кт., д. 44
Киров г.;Воровского ул., д. 77
Киров г.;Горького ул., д. 5А
Киров г.;Дерендяева ул., д. 32
Копейск г.;Сутягина ул., д. 9/4
Краснокамск г.;Комсомольская ул., д. 20
Кунгур г.;Гагарина ул., д. 12
Курган г.;Куйбышева ул., д. 74Д
Курган г.;Тимофея Невежина ул., д. 3
Лангепас г.;Мира ул., д. 23/2В
Миасс г.;Автозаводцев пр-кт., 61
Богданович г.;Партизанская ул., д. 22
Асбест г.;имени В.И.Ленина пр-кт., д. 25
Асбест г.;Ленинградская ул., д. 26/2
Березники г.;Пятилетки ул., д. 41
Вятские Поляны г.;Гагарина ул., д. 10А
Глазов г.;Свободы пл., д. 7А
Екатеринбург г.;Амундсена ул., д. 65
Екатеринбург г.;Белореченская ул., д. 28
Екатеринбург г.;Блюхера ул., 32
Екатеринбург г.;Халтурина ул., 55
Тюмень г.;Мельникайте ул., 126 корп. 3
Курск г.;Карла Маркса ул., 68
Орёл г.;Московская ул., 67
Брянск г.;Объездная ул., д. 30
Владимир г.;Строителей пр-кт., д. 46
Владимир г.;Суздальский пр-кт., д. 15
Железногорск г.;Воинов-интернационалистов ул., 18
Владимир г.;Тракторная ул., д. 45
Выкса г.;Островского ул., д. 33
Вязники г.;Ленина ул., д. 29
Вязники г.;Советская ул., д. 39/1
Городец г.;В.Фигнер ул., д. 7
Гусь-Хрустальный г.;Калинина ул., д. 19/16
Гусь-Хрустальный г.;Революции ул., д. 2
Дзержинск г.;Гайдара ул., д. 61Г
Дзержинск г.;Ленина пр-кт., д. 66 литера А
Дзержинск г.;Циолковского пр-кт., д. 30
Дзержинск г.;Циолковского пр-кт., д. 76А
Дзержинск г.;Чкалова пр-кт., д. 23
Кстово г.;Ленина ул., д. 5А
Кстово г.;Победы пр-кт., д. 1
Курск г.;Карла Маркса ул., д. 10
Курск г.;Карла Маркса ул., д. 59
Курск г.;Студенческая ул., д. 1
Курск г.;Харьковская ул., д. 3
Ливны г.;Денисова ул., д. 17А
Малоярославец г.;Ленина ул., д. 6
Муром г.;Ленина ул., д. 24А
Муром г.;Московская ул., д. 119
Муром г.;Московская ул., д. 32
Нижний Новгород г.;Гагарина пр-кт., д. 105А
Нижний Новгород г.;Максима Горького пл., д. 4/2
Нижний Новгород г.;Казанское ш., д. 11
Нижний Новгород г.;Коминтерна ул., д. 117
Обнинск г.;Маркса пр-кт., д. 45
Орёл г.;Карачевское ш., д. 94
Орёл г.;Металлургов ул., д. 17
Орёл г.;Металлургов ул., д. 20 лит. а
Рязань г.;Гагарина ул., д. 69
Рязань г.;Московское ш., д. 31
Рязань г.;Первомайская (Солотча) ул., д. 56
Калуга г.;Кирова ул., 64
Федяково с.;Федяково с., 
Курск г.;Дружбы пр-кт., 9А
Александров г.;Ленина ул., д. 26
Александров г.;Октябрьская ул., д. 4
Алексин г.;Ленина ул., д. 7
Арзамас г.;Гостиный ряд ул., д. 6 пом. 2
Арзамас г.;Калинина ул., д. 46
Арзамас г.;Ленина ул., д. 121А
Балабаново г.;
Балахна г.;Горького ул., д. 34Б
Богородицк г.;Коммунаров ул., помещ прилегающее с сев стороны к д. 44
Богородск г.;Центральный пер., д. 2
Брянск г.;3 Интернационала ул., д. 8
Брянск г.;Брянского Фронта ул., д. 2
Брянск г.;Красноармейская ул., д. 100
Брянск г.;Красноармейская ул., д. 148
Нижний Новгород г.;Московское ш., 12
Ефремов г.;Свердлова ул., д. 50А
Железногорск г.;Ленина ул., д. 37
Железногорск г.;Ленина ул., д. 57
Жуковка г.;Почтовый пер., д. 2
Заволжье г.;Пономарева ул., д. 8
Калуга г.;Кирова ул., д. 46
Калуга г.;Маршала Жукова ул., д. 2
Калуга г.;Московская ул., д. 338А
Карачев г.;Тургенева ул., д. 6
Касимов г.;Советская ул., д. 105А
Касимов г.;Советская ул., д. 19
Кимовск г.;Ленина ул., д. 50
Киров г.;Пролетарская ул., д. 5
Клинцы г.;Октябрьская ул., д. 25
Ковров г.;Комсомольская ул., д. 116 стр.3
Ковров г.;Ленина пр-кт., д. 27
Ковров г.;Чернышевского ул., д. 2
Кольчугино г.;3 Интернационала ул., д. 67
Нижний Новгород г.;Кораблестроителей пр-кт., д. 15А
Нижний Новгород г.;Маковского ул., д. 21
Нижний Новгород г.;Плотникова ул., д. 3А
Нижний Новгород г.;Советская пл., д. 3
Нижний Новгород г.;Советская пл., д. 5
Нижний Новгород г.;Южное ш., д. 2Г
Нижний Новгород г.;Большая Покровская ул., д. 82
Новомичуринск г.;Волкова ул., д. 19
Новомосковск г.;Рязанское ш., д. 1ж
Новомосковск г.;Трудовые Резервы ул., д. 33Б
Обнинск г.;Аксенова ул., д. 17
Обнинск г.;Железнодорожная ул., д. 6
Обнинск г.;Курчатова ул., д. 3А
Рязань г.;Первомайский пр-кт., д. 70 корп. 1
Рязань г.;Советской Армии ул., д. 9а
Саров г.;Силкина ул., д. 31
Семенов г.;Тельмана ул., д. 2/1
Тула г.;Металлургов ул., д. 62А
Тула г.;Красноармейский пр-кт., д. 11А
Тула г.;Красноармейский пр-кт., д. 2
Тула г.;Ленина пр-кт., д. 31
Тула г.;Октябрьская ул., д. 95
Тула г.;Пролетарская ул., д. 2
Узловая г.;Октябрьская ул., д. 6
Сасово г.;Свободы пр-кт., 21
Малоярославец г.;17 Стрелковой Дивизии ул., 2В/1
Курск г.;Хрущева пр-кт., 5а
Южно-Сахалинск;ул. Антона Буюглы, д. 38
Иркутск;ул. Карла-Маркса, д. 40
Улан-Удэ;ул. Смолина, д. 57д
Улан-Удэ;ул. Трактовая, д. 1
Петропавловск-Камчатский;ул. Тушканова, д. 10
Хабаровск;ул. Лермонтова, д. 3
Хабаровск;ул. Жданова, д. 16
Белгород;Белгород, Преображенская, 74б 
Россошь;пл. Ленина, д. 8
Старый Оскол;м-н Жукова, 38
Старый Оскол;ул. Заводская 1а
Тамбов;ул. Астраханская, д. 5-58 
Воронеж;ул. Красноармейская, д.25
Владикавказ;ул. Коцоева, д. 19 
Карабулак;ул. Загородная, д. 24А
Аксай;ул. Ленина, д. 44 
Ростов-на-Дону;ул. Горького, д. 104
Краснодар;ул.Красная,184
Краснодар;ул. Янковского, д. 169
Краснодар;Ростовское шоссе 17км, д. 2 (Континент)
Астрахань;ул. Ахматовская, д. 14
Оренбург;ул. Советская, д. 131
Саранск;ул. Б. Хмельницкого, д. 42
Балаково;ул. Комарова д. 135/7
Уфа;ул. Софьи Перовской, д. 54
Волгоград;ул. Мира, д. 13
Ульяновск;ул. Льва Толстого, д. 38
Казань;ул. Спартаковская, д. 23
Казань;ул. Сибирский тракт, д. 34, к.4
Набережные Челны;пр-т. Ш. Усманова, д. 42а
Альметьевск;ул. Гагарина, д. 5
Пенза;ул. Кураева, д. 1а 
Тольятти;ул. Баныкина, д. 32а
Сызрань;ул. Советская, д. 1/3
Элиста;ул. Ленина, д. 249
Самара;ул.Товарная, д. 56
Самара;ул. Мичурина, д. 19В
Архангельск;Троицкий пр-т, д. 23
Вельск;ул. Карла Маркса, д. 1
Северодвинск;ул. Ленина, д. 35/37
Череповец;ул. Стройиндустрии, д. 14
Калининград;пр-т Мира, д. 124-126
п. Сегежа;ул. Шерабакова, д. 6б
Петрозаводск;ул. Ровио, д. 16
Шарья; ул. Чапаева, д.32
Апатиты;ул. Зиновьева, д. 38
Заполярный;ул. Бабикова, д. 3А
Великий Новгород;пр-т. Мира, д. 24, корп. 1
Великий Новгород;ул. Ильина, д. 16
Великий Новгород;ул. Нехинская, д. 57
Псков;ул. Ленина, д.7
Санкт-Петербург;ул. Седова, д. 47
Санкт-Петербург;ул. Республиканская, д. 28
Санкт-Петербург;ул. Турку, д. 1
Санкт-Петербург;ул. Синопская наб., д. 14
Санкт-Петербург;ул. Парашютная, д. 6
Санкт-Петербург;пр. Большой В.О., д. 78
Санкт-Петербург;ул. Летчика Пилютова, д.11
Санкт-Петербург;ул. Земская, д.  88
Рыбинск;ул. Крестовая, д. 51
Ярославль;ул. Республиканская д. 75, корп. 2
Ярославль;ул. Некрасова, д. 41, литер ББ1Б2Б3
Барнаул;ул. Деповская, д. 22
Омск;ул. Куйбышева, д. 77/1
Томск;ул. Гагарина, д. 40/1
п. Предтеченск;ул. Мелеоративная, д. 12
Красноярск;ул. Киренского, д. 89
Абакан;пр-т. Дружбы Народов, д. 27
Новосибирск;ул. Толмачёвская, д. 43/4
Новосибирск;ул. Октябрьская, д. 52
Москва;Кавказский бул., д. 54
Москва;Мичуринский пр-т, д. 27
Москва;Неманский пр-д, д.18
Москва;ул. Колонцова, д. 5
Раменское;Северное шоссе, д. 10
Москва;ул. Красная, д. 5
Истра;Московская ул., д. 48
Дмитров;ул. Промышленная, д.12
Москва;ул. Новослободская, д. 23
Ижевск;ул. Северный, д. 61
Киров;ул. Дерендяева, д. 32 
Киров;ул. Сурикова, д. 19
Пермь;ул. Лебедева, д. 9
Сургут;ул. Ленина, д. 26
Сургут;Набережный пр-т, д. 5, стр. 6
Сургут;ул. Энгельса, д. 11
Сыктывкар;ул. Первомайская, д. 25
Тюмень;ул. Володарского, д. 17/7
Тюмень;ул. Коммунистическая, д. 70
Челябинск;ул. Цвилинга, д. 10
Челябинск;шоссе металлургов, д. 70Б
Екатеринбург;ул. Щорса, д. 7Н
Екатеринбург;ул. Зоологическая, д. 9
Екатеринбург;ул. Техническая, д. 18Б
Верхняя Пышма, пос. Залесье;проезд Индустриальный, д. 1, кор. 2
Нижний Тагил;ул. Строителей, д. 10
Нижний Тагил;ул. Ломоносова, д. 49
Екатеринбург;ул. Шварца, д. 14А
Владимир;пр-т Ленина, д.29б 
Орел;ул. Бульвар Победы, д. 1
п. Знаменка;Березовый переулок, д. 18
Курск;ул. Уфимцева, д.3
Рязань;ул. Сенная, д. 10
Тула;ул. Демонстрации, д.46
Брянск;ул. Тельмана, д. 68/2
Нижний Новгород;ул. Полтавская, д. 5
Нижний Новгород;ул. Федосеенко, д. 43
Дальнегорск г.;50 лет Октября пр-кт., д. 17
Комсомольск-на-Амуре г.;Вокзальная ул., д. 43
Комсомольск-на-Амуре г.;Ленина пр-кт., д. 30
Комсомольск-на-Амуре г.;Мира пр-кт., д. 44
Комсомольск-на-Амуре г.;Мира пр-кт., д. 47
Комсомольск-на-Амуре г.;Победы пр-кт., д. 22/7
Корсаков г.;Советская ул., д. 30/2
Краснокаменск г.;4-й мкр., Центральный рынок павильон №13
Алдан г.;Дзержинского ул., д. 29
Амурск г.;Победы пр-кт., д. 15
Братск г.;Кирова ул., д. 16/30
Анадырь г.;Отке ул., д. 22А
Белогорск г.;Кирова ул., д. 68
Улан-Удэ г.;Автомобилистов пр-кт., д. 4А
Усть-Кут г.;Кирова ул., д. 19А
Улан-Удэ г.;Гагарина ул., д. 24
Улан-Удэ г.;Ключевская ул., д. 40 ост. Интерьер
Улан-Удэ г.;Ленина ул., д. 24
Улан-Удэ г.;Ленина ул., д. 28А
Улан-Удэ г.;Смолина ул., д. 57Д
Улан-Удэ г.;Терешковой ул., д. 24А
Усолье-Сибирское г.;Красных Партизан пр-кт., д. 24
Уссурийск г.;Ленина ул., д. 62
Усть-Илимск г.;Проспект Мира пр-кт., д. 11
Благовещенск г.;Зейская ул., д. 181
Благовещенск г.;Институтская/Калинина ул., д. 1/140
Благовещенск г.;50 лет Октября ул., д. 42/2
Братск г.;Гиндина ул., д. 2/1
Братск г.;Комсомольская ул., д. 62
Братск г.;Южная ул., д. 25
Ванино рп.;3-я линия., д. 1
Магадан г.;Ленина пр-кт., д. 3
Магадан г.;Карла Маркса пр-кт., д. 36/20
Магадан г.;Пролетарская ул., д. 19
Мирный г.;Советская ул., д. 4 корп. 3
Нерюнгри г.;Дружбы Народов пр-кт., д. 23
Нерюнгри г.;Карла Маркса ул., д. 13
Петропавловск-Камчатский г.;Лукашевского ул., д. 5
Петропавловск-Камчатский г.;Тушканова ул., д. 10
Свободный г.;Карла Маркса ул., д. 24
Улан-Удэ г.;50-летия Октября пр-кт., д. 8
Чита г.;5-й мкр., д. 30 пом. 99
Чита г.;Амурская ул., д. 84
Чита г.;Бабушкина ул., д. 64
Чита г.;Бабушкина ул., д. 98
Чита г.;Ленина ул., д. 128А
Чита г.;Ленина ул., д. 56
Чита г.;Шилова ул., д. 100
Южно-Сахалинск г.;Ленина ул., д. 180А
Южно-Сахалинск г.;2-я Центральная ул., д. 1Б
Южно-Сахалинск г.;Чехова ул., д. 87
Отрадная ст-ца.;Первомайская ул., д. 79
Рассказово г.;Куйбышевский проезд., д. 2
Россошь г.;Октябрьская пл., д. 14
Белгород г.;пос. Дубовое мкрн Пригородный ул. Щорса, д. 64
Волгодонск г.;Морская ул., д. 64
Волгодонск г.;Энтузиастов ул., д. 22
Грозный г.;Кирова пр-кт., д. 2А
Грозный г.;Левандовского пер., д. 1
Грозный г.;Слободская ул., нет
Махачкала г.;Петра Первого пр-кт., д. 23
Миллерово г.;Льва Толстого ул., д. 44
Мичуринск г.;Интернациональная ул., д. 110
Мичуринск г.;Советская ул., д. 294
Морозовск г.;Подтелкова ул., д. 11А
Назрань г.;Картоева ул., д. 154
Тамбов г.;Пролетарская/Октябрьская ул., д. 172/38
Сочи г.;Макаренко ул., д. 11
Сочи г.;Навагинская ул., д. 3/7
Белгород г.;Белгородский пр-кт., д. 77
Белгород г.;Белгородский пр-кт., д. 87
Борисоглебск г.;Бланская ул., д. 46
Владикавказ г.;Коста пр-кт., д. 240А
Ставрополь г.;50 лет ВЛКСМ ул., д. 64
Ставрополь г.;Ленина ул., д. 301
Ставрополь г.;Мира ул., д. 290
Старощербиновская ст-ца.;Первомайская ул., д. 84
Ейск г.;Победы/Либкнехта ул., д. 78/46
Бугульма г.;Мусы Джалиля ул., д. 29
Бугуруслан г.;Коммунистическая ул., д. 22А
Альметьевск г.;Гагарина ул., д. 5
Белорецк г.;Карла Маркса ул., д. 57
Чебоксары г.;324 Стрелковой дивизии ул., д. 22
Чебоксары г.;Калинина ул., д. 105А 1 этаж, место 58
Саранск г.;Гагарина ул., д. 99А
Саранск г.;Л.Толстого ул., д. 55
Саранск г.;Б.Хмельницкого ул., д. 44
Чебоксары г.;Гагарина Ю. ул., д. 1
Чебоксары г.;Ленинского Комсомола ул., д. 21А
Чебоксары г.;Привокзальная ул., д. 1Г
Чебоксары г.;Текстильщиков ул., д. 6
Шумерля г.;Ленина ул., д. 8
Элиста г.;Ленина ул., д. 249
Орск г.;Станиславского ул., д. 52Б
Орск г.;Мира/Ленина ул., д. 23/26
Орск г.;Ленина пр-кт., д. 41А
Палласовка г.;Ленина ул., в 8 метрах восточнее павильона Билайн
Пенза г.;Кураева ул., д. 1А
Пенза г.;Строителей пр-кт., д. 49А ТЦ Проспект
Пенза г.;Строителей пр-кт., д. 1В
Рузаевка г.;Ленина ул., прим. к жил д.51 по ул.Ленина с запад ст
Рузаевка г.;Фабричный пер., д. 28
Набережные Челны г.;Мира пр-кт., д. 88
Набережные Челны г.;Мира пр-кт., ост 7 компл со стороны 7 компл по прМира
Набережные Челны г.;Хасана Туфана пр-кт., д. 33Г
Набережные Челны г.;Чулман пр-кт., д. 87В
Кумертау г.;Карла Маркса ул., д. 28 пом. 4
Нефтекамск г.;Комсомольский пр-кт., д. 15
Нефтекамск г.;Комсомольский пр-кт., д. 42/1
Нижнекамск г.;Менделеева ул., д. 31А
Новочебоксарск г.;Винокурова ул., д. 28А
Новочебоксарск г.;Семенова ул., стр. 6
Новочебоксарск г.;10 Пятилетки ул., д. 64
Набережные Челны г.;им Мусы Джалиля пр-кт., д. 58 (д.8/32)
Гай г.;Ленина ул., д. 46
Елабуга г.;Нефтяников пр-кт., д. 7
Смоленск г.;Николаева ул., д. 16-18
Смоленск г.;Кашена ул., д. 13А
Смоленск г.;Рыленкова ул., в районе д. 2/37
Кандалакша г.;Первомайская ул., д. 61
Костомукша г.;Лазарева б-р., д. 4
Котлас г.;Невского/Калинина ул., д. 11/14
Старая Русса г.;Санкт-Петербургская ул., д. 18/65
Шуя г.;Ленина ул., д. 30
Мирный г.;Овчинникова ул., д. 15
Петрозаводск г.;Ленина пр-кт., д. 14В
Бологое г.;Дзержинского ул., д. 2
Боровичи г.;Пушкинская ул., д. 70
Великие Луки г.;Октябрьский пр-кт., д. 29/45
Великий Новгород г.;Воскресенский б-р., д. 6
Великий Новгород г.;Мира пр-кт., д. 24 корп. 1
Великий Новгород г.;Свободы ул., д. 25
Великий Устюг г.;Красная ул., д. 112
Петрозаводск г.;Лесной пр-кт., д. 47
Петрозаводск г.;Ленина пр-кт., д. 26
Петрозаводск г.;Ленина пр-кт., д. 37
Псков г.;Ленина ул., д. 7А
Рославль г.;Красноармейская ул., д. 102А
Ярцево г.;Советская ул., ул. 12Д
Рубцовск г.;Ленина пр-кт., д. 27
Северск г.;Коммунистический пр-кт., д. 59 кв. 22
Северск г.;Курчатова ул., д. 11А
Славгород г.;Ленина ул., д. 176
Куйбышев г.;Володарского ул., д. 27
Кулунда с.;Советская ул., д. 32А
Курагино пгт.;Советский пер., д. 15А
Междуреченск г.;Шахтеров пр-кт., д. 21
Лесосибирск г.;Белинского ул., д. 9
Междуреченск г.;Коммунистический пр-кт., д. 26
Междуреченск г.;Строителей пр-кт., д. 19
Абакан г.;Пирятинская ул., д. 7
Абакан г.;Щетинкина ул., д. 22 пом 18 Н
Горно-Алтайск г.;Коммунистический пр-кт., д. 109/2
Енисейск г.;Худзинского ул., д. 1
Железногорск г.;Ленинградский пр-кт., д. 1Б
Канск г.;40 лет Октября ул., зд. 62 стр. 4 пом. 13
Карасук г.;Ленина ул., д. 39
Красногорск г.;Ленина ул., остановка Чернево
Дубна г.;Боголюбова пр-кт., д. 19
Железнодорожный г.;Пролетарская ул., д. 2/2
Наро-Фоминск г.;Кубинское ш., д. 12
Ногинск г.;Ильича ул., д. 2
Ногинск г.;Трудовая ул., д. 11
Орехово-Зуево г.;Ленина ул., д. 45А
Павловский Посад г.;Большой железнодорожный проезд проезд., 
Реутов г.;Октября ул., вл.10
Серпухов г.;Чернышевского ул., д. 23Б
Красногорск г.;Коммунальный кв-л., д. 3
Красногорск г.;Ленина ул., д. 35
Красногорский г.;7-ой километр Пятницкого ш., вл. 2
Краснознаменск г.;Молодежная ул., д. 2/1 Литера Б
Лыткарино г.;Парковая ул., стр. 2
Подольск г.;Советская ул., д. 2/1
Серпухов г.;Борисовское ш., д. 3
Серпухов г.;Ворошилова ул., д. 210Б
Ступино г.;Горького ул., д. 20А
Шатура г.;Маршала Борзова пр-кт., д. 1
Электросталь г.;Ленина пр-кт., д. 10
Электросталь г.;Ленина пр-кт., д. 32/16
Электросталь г.;Мира ул., д. 18
Верхний Уфалей г.;Прямицына ул., д. 39
Ухта г.;Ленина пр-кт., в районе 29/16
Чайковский г.;Карла Маркса ул., д. 50
Чайковский г.;Ленина ул., д. 61А
Чайковский г.;Приморский б-р., д. 55
Покачи г.;Таежная ул., д. 10/1
Радужный г.;7 мкр., д. 12А
Салехард г.;Республики ул., д. 64
Североуральск г.;Ленина ул., д. 31
Серов г.;Ленина ул., д. 128
Серов г.;Ленина ул., д. 173
Снежинск г.;Транспортная ул., д. 35
Советский г.;Гастелло ул., д. 19
Междуреченский пгт.;Толстого ул., д. 36
Муравленко г.;Новоселов пер., д. 8А мкрн 2
Надым г.;Зверева ул., д. 39
Нижнесортымский п.;Северная ул., д. 2
Излучинск пгт.;Энергетиков ул., д. 5А
Воркута г.;Ленина ул., д. 36
Киров г.;Комсомольская ул., д. 25
Губкинский г.;2 мкр., д. 34
Кирово-Чепецк г.;Мира пр-кт., д. 70
Шадринск г.;Комсомольская ул., д. 17
Югорск г.;Ленина ул., д. 2
Сыктывкар г.;Мира ул., д. 20/1
Тобольск г.;7-й А мкр., д. 21
Тобольск г.;8 мкр., д. 41/82
Новый Уренгой г.;Восточный мкр., д. 1 корп. 2
Новый Уренгой г.;Геологоразведчиков ул., ост пав Больнич компл со стороны 3 мкрн
Ноябрьск г.;2 мкр. Советская ул., павильон около д. 83
Ноябрьск г.;Советская ул., д. 61
Нягань г.;2-й мкр., д. 12 пом. 110
Нягань г.;Ленина ул., д. 28
Озерск г.;Карла Маркса пр-кт., д. 1А пав. 5
Озерск г.;Карла Маркса пр-кт., д. 11А
Пангоды пгт.;Ленина ул., д. 27
Ханты-Мансийск г.;Энгельса ул., д. 1
Ирбит г.;50 лет Октября ул., д. 23
Ишим г.;К.Маркса ул., д. 29-5
Ишим г.;Советская ул., д. 19 секция 10
Киров г.;Воровского ул., д. 133
Киров г.;Карла Маркса ул., д. 132
Киров г.;Октябрьский пр-кт., д. 88
Киров г.;Андрея Упита ул., д. 5А
Красноуфимск г.;Советская ул., д. 38А
Кудымкар г.;Данилова ул., д. 15А
Магнитогорск г.;Завенягина ул., д. 10
Лабытнанги г.;пересечение Гагарина и Первомайской, 
Лесной г.;Ленина ул., д. 62
Белоярский г.;Центральная ул., д. 5 кв. 63
Березники г.;Пятилетки ул., д. 87А
Дятьково г.;Ленина ул., д. 2А
Кулебаки г.;Воровского ул., д. 62
Ливны г.;Автовокзальная пл., д. 2
Людиново г.;Ленина ул., д. 4
Мценск г.;Тургенева ул., д. 100
Павлово г.;Красноармейская ул., д. 33
Почеп г.;Смоленская ул., д. 2В
Клинцы г.;Ленина пр-кт., д. 20
Новозыбков г.;Коммунистическая ул., д. 29
Унеча г.;Иванова ул., 0
Комсомольск-на-Амуре;пр-т Мира, д. 14
Комсомольск-на-Амуре;ул. Севастопольская, д. 25а
Магадан;ул. Пролетарская, д.19
Анадырь;ул. Ленина, д. 20
Братск;ул. Янгеля, д. 101В, стр. 1
с. Баргузин;ул. Дзержинского д. 61
Находка;ул. Молодежная д. 5
Уссурийск;ул. Советская, д. 76
Арсеньев;Гостинный проезд, д. 1
п. Мирный;ул. Советская, д. 9
Нерюнгри;Дружбы Народов, 23
Нерюнгри;ТЦТР
Кисловодск;ул. Седлогорская, д. 11
Буденовск;ул. Партизанская д.16
Волгодонск;ул. Курчатова, д. 30 
Каменск-Шахтинский;Полевой пер., д. 76 
Майкоп;пр-т Мира, д. 44
Новороссийск;14-й микрорайон
Волжский;пр-т Ленина, д. 82г
Котлас;ул. Невского, д. 25А
Мирный;ул. Неделина, д. 29
Великий Устюг;ул. Луначарского, д. 7
Сортавала;ул. Горького, д 3а
Боровичи;пл. Спасская, д.4
Великие Луки;ул. Некрасова, д. 3/31
Горно-Алтайск;ул. Чорос-Гуркина, д. 37
Новокузнецк;ул. Циолковского, д. 59
Норильск;ул. Комсомольская, д. 33Б
Кызыл;ул. Дружбы, д. 156
Кызыл;ул. Горная, д. 1а
Соликамск;ул. Розы Люксембург, д. 19
Чайковский;ул. Вокзальная, д. 7
Нижневартовск;ул. 60 лет Октября, д. 52
Новый Уренгой;ул. Энтузиастов, д. 4
Ноябрьск;ул. Энтузиастов, д. 30Г
Нягань;ул. Лазарева, д. 3
Нягань;ул. Петра Великого, д. 8
Салехард;ул. Павлова, д. 15
Югорск;ул. Ленина, д. 29
Ишим;ул. Карла Маркса, д. 29/5
Тобольск;мкрн. 7А, д. 7А/181
Курган;ул. Карла Маркса, д. 70
Курган;ул. Коли Мяготина, д. 39
Магнитогорск;ул. Суворова, д. 123/1
Златоуст;ул. Таганайская, д. 204/6
Архангельск;Троицкий пр., д. 17
Архангельск;ул. Воскресенская, 20
Архангельск;г. Архангельск ,ул. Нагорная , д.5, корп. 1 , офис Мегафон
Астрахань;Вокзальная, дом 13, литера «А»+1
Астрахань;Вокзальная, дом 13, литера «А»
Астрахань;ул. Набережная 1 мая 75\ул. Шаумяна 48 а
аул Новая Адыгея;Тургеневское шоссе, 27
Барнаул;Гоголя, 36, каб.316
Барнаул;ул. Павловский тракт, 251 В
Белгород;проспект Богдана Хмельницкого, д. 137Т
Брянск;ул. 3-го Интернационала, дом 8
Владивосток;Океанский пр-т 17
Владивосток; ул. Запорожская, д. 77
Владивосток;пр-т 100-лет Владивостоку, д. 57г
Владивосток;ул. Светланская, д. 29
Владимир;ул. Верхняя Дуброва ,д.40
Владимир;ул. Тракторная, д. 45
Волгоград;проспект Университетский 107
Волгоград;ул. Социалистическая 17
Екатеринбург;ул. 8 марта, 149
Екатеринбург;ул. Металлургов 87
Екатеринбург;ул.Вайнера, 10
Екатеринбург;"ул. Малышева 122;  (Офис МегаФон)"
Иркутск; ул 3 июля д.25
Иркутск;Партизанская ул., 36
Иркутск;Байкальская 108
Казань;пр. Ибрагимова, д. 56
Казань;Проспект Победы, 141
Казань;пр-т Победы, д. 91
Казань;ул. Парковая 24
Казань;пр-т Ямашева, д.46
Калининград;Театральная 30
Калининград;ул. Профессора Баранова, 30
Калининград;пр. Мира 124/126
Кемерово;пр. Октябрьский, 34
Кемерово;ул. Рукавишникова 20
Краснодар;ул. Головатого 313
Краснодар;ул. Дзержинского 100
Краснодар;ул. Уральская, 98/11
Краснодар;ул. Буденного, 129, ЖК Центральный, вход В, оф 323
Красноярск;пр. имени газеты «Красноярский рабочий», д. 27, строение 78
Красноярск;Телевизорная ул., д. 1, стр.90
Красноярск;ул.9 Мая, д.77
Красноярск;ул. Взлетная 57
Курск;ул.Ленина д.30
Курск;ул. Парижской Коммуны, д.73
Липецк;ул.Советская д.66
Липецк;"пр.Победы 29, БЦ ""Виктория"", кабинет 203"
Махачкала;пр-т. Гамидова 61
Москва;"ТЦ ""Город"", Рязанский проспект, д. 2, к. 2"
Москва;ТЦ «Авиапарк», ул. Авиаконструктора Микояна д.10
Москва;ТЦ «Атриум», ул. Земляной Вал, д. 33
Москва;ТЦ «Город», ш. Энтузиастов, д. 12к2
Москва;ТЦ «Европейский», площадь Киевского вокзала, д. 2
Москва;ТЦ «Золотой Вавилон», ул. Декабристов, д. 12
Москва;ТЦ «Иридиум», г. Зеленоград, платформа Крюково, Крюковская пл., д. 1
Москва;ТЦ «Калужский», ул. Профсоюзная, д. 61а.
Москва;ТЦ «Красный Кит», г. Мытищи, Шараповский пр-д, вл. 2
Москва;ТЦ «Мега Белая Дача», Котельники 1-й Покровский пр-д д.5
Москва;ТЦ «Мега Химки», Московская область, г. Химки, ул. Ленинградская, владение 39, строение 5
Москва;ТЦ «Метрополис», Ленинградское ш. 16 а, стр 4
Москва;ТЦ «Облака», Ореховый бул-р, д. 22а
Москва;ТЦ «Райкин Плаза», ул. Шереметьевская, д. 6, корпус 1.
Москва;ТЦ «Речной», Фестивальная ул., д. 2Б
Москва;ТЦ «Щука», ул. Щукинская, д. 42
Москва;ТЦ Калейдоскоп, ул. Сходненская, д.56.
Москва;ТЦ Колумбус, ул. Кировоградская, д.13А
Москва;"улица Проспект Вернадского, д. 86А."
Москва;ТЦ «Океания» Кутузовский проспект, д. 57
Москва;ЦТ «Теплый Стан», п. Сосенское, Калужское шоссе 21-й км
Москва;ул. Оружейный пер, 41
Нижний Новгород;ул. Нартова, д.6 
Нижний Новгород;ул. Бетанкура, д.1
Нижний Новгород;ул. Родионова, 187
Новосибирск;ул. Красноярская 35
Новосибирск;пл. Карла Маркса, д.7
Новосибирск;ул. Ватутина, д.107
Новосибирск;ул. Гоголя, 13
Омск;ул. Куйбышева 77, корп. 2
Омск;Бульвар Архитекторов, д. 35
Орел;Кромское шоссе, д. 4
Орел ;ул. Горького, д.17
Оренбург;ул. Новая, д. 4
Оренбург;ул. Володарского 27
Пенза;Проспект Строителей, 1 В
Пенза;ул. Металлистов 7
Пермь;ул.Мира д.41/1
Пермь;ул. Екатерининская, 32а
Ростов-на-Дону;"ТЦ ""Мегамаг"" ул. Пойменная 1"
Ростов-на-Дону;ул.М.Нагибина 32/2
Ростов-на-Дону;ул. Суворова 91
Рязань; Московское ш д 21
Самара;Московское ш д.185
Самара;пр. Кирова, д.147
Самара;ул. Дыбенко, д.30
Самара;Мичурина 19 в, 3 этаж
Санкт-петербург;ул. Савушкина 126а
Санкт-петербург;Ефимова, д. 2
Санкт-петербург;Ефимова, д. 3 лит. С
Санкт-петербург;Индустриальный пр-т, д. 24а
Санкт-петербург;Коломяжский пр д 17 кор 2
Санкт-петербург;Москвоский вокзал, Невский пр., д. 85, литер А
Санкт-петербург;пр. Просвещения, д. 19
Санкт-петербург;пр-т Лиговский, д. 30а
Санкт-петербург;ул. Типанова, д. 21а
Сочи;ул. Тоннельная 2 А
Сочи; ул. Новая Заря, д. 7
Сочи;ул. Кирова, д. 58
Сочи;ул. Московская, д. 22
Ставрополь;ул. Доваторцев 40А
Ставрополь;ул. Доваторцев, д.75А
Сургут;Югорский тракт, д. 38
Томск;ул.Учебная ,дом 48д
Тула;ул. Михеева, д.15
Тула;ул. Советская, д. 47
Тюмень;ул.Пермякова 50Б
Улан-Удэ;ул. Балтахинова, 15
Ульяновск;Московское ш., 108
Ульяновск;ул. Жуковского 65
Уфа;Пр-т Октября, д. 4/1
Уфа;ул. Энтузиастов, 20
Уфа;ул. Рыльского 23
Хабаровск; ул. Ким Ю Чена д.44
Хабаровск;ул. Суворова, д. 25
Хабаровск;ул Ленинградская, 9А 
Челябинск;"ул. Тернопольская, д. 6; (Офис МегаФон)"
Челябинск;ул. Труда, дом 203
Челябинск;ул.Артиллерийская д.136
Якутск;ул. Лермонтова, 42
Ярославль;ул.Победы д.41
Ярославль ;ул Республиканская, 75
